AtoB,BtoA,CtoD,DtoC,CtoE,EtoC,EtoA,AtoE,semmi,AB,BC,CD,DE,EA,CE
0.26378349247944693,0.006386938962006872,0.013747813969117784,0.011795338037775022,0,0,0.018911988585619127,0.39421428604895975,1,0,0,0,0,0,0
0,0,0.013747813969117784,0.011795338037775022,0.006386938962006872,0.26378349247944693,0.025298927547626,0.6579977785284067,0,1,0,0,0,0,0
0.275578830517222,0.020134752931124655,0,0,0,0,0.03070732662339415,0.40796210001807753,0,0,1,0,0,0,0
0.26378349247944693,0.006386938962006872,0,0,0.013747813969117784,0.011795338037775022,0.018911988585619127,0.39421428604895975,0,0,0,1,0,0,0
0.26378349247944693,0.006386938962006872,0.40796210001807753,0.03070732662339415,0.018911988585619127,0.39421428604895975,0.037823977171238254,0.7884285720979195,0,0,0,0,1,0,0
0.6579977785284067,0.025298927547626,0.40796210001807753,0.03070732662339415,0,0,0,0,0,0,0,0,0,1,0
0.26378349247944693,0.006386938962006872,0.013747813969117784,0.011795338037775022,0,0,0.018911988585619127,0.39421428604895975,0,0,0,0,0,0,1
0.016715314246632425,0.07182245180773505,0.05063975300121615,0.05926380047936036,0,0,0.008203491038983936,0.3071083397547615,1,0,0,0,0,0,0
0,0,0.05063975300121615,0.05926380047936036,0.07182245180773505,0.016715314246632425,0.08002594284671899,0.3238236540013939,0,1,0,0,0,0,0
0.07597911472599278,0.1224622048089512,0,0,0,0,0.0674672915183443,0.35774809275597763,0,0,1,0,0,0,0
0.016715314246632425,0.07182245180773505,0,0,0.05063975300121615,0.05926380047936036,0.008203491038983936,0.3071083397547615,0,0,0,1,0,0,0
0.016715314246632425,0.07182245180773505,0.35774809275597763,0.0674672915183443,0.008203491038983936,0.3071083397547615,0.016406982077967872,0.614216679509523,0,0,0,0,1,0,0
0.3238236540013939,0.08002594284671899,0.35774809275597763,0.0674672915183443,0,0,0,0,0,0,0,0,0,1,0
0.016715314246632425,0.07182245180773505,0.05063975300121615,0.05926380047936036,0,0,0.008203491038983936,0.3071083397547615,0,0,0,0,0,0,1
0.48839294420288476,0.07699216842276076,0.07282711754421349,0.006853359034842963,0,0,0.0042959042185786184,0.3542512855190291,1,0,0,0,0,0,0
0,0,0.07282711754421349,0.006853359034842963,0.07699216842276076,0.48839294420288476,0.08128807264133937,0.8426442297219139,0,1,0,0,0,0,0
0.4952463032377277,0.14981928596697425,0,0,0,0,0.011149263253421582,0.42707840306324263,0,0,1,0,0,0,0
0.48839294420288476,0.07699216842276076,0,0,0.07282711754421349,0.006853359034842963,0.0042959042185786184,0.3542512855190291,0,0,0,1,0,0,0
0.48839294420288476,0.07699216842276076,0.42707840306324263,0.011149263253421582,0.0042959042185786184,0.3542512855190291,0.008591808437157237,0.7085025710380582,0,0,0,0,1,0,0
0.8426442297219139,0.08128807264133937,0.42707840306324263,0.011149263253421582,0,0,0,0,0,0,0,0,0,1,0
0.48839294420288476,0.07699216842276076,0.07282711754421349,0.006853359034842963,0,0,0.0042959042185786184,0.3542512855190291,0,0,0,0,0,0,1
0.40268313247149257,0.7636048857793711,0.14765840765401073,0.3575295086767165,0,0,0.4926854520963698,0.20120819074297513,1,0,0,0,0,0,0
0,0,0.14765840765401073,0.3575295086767165,0.7636048857793711,0.40268313247149257,1.256290337875741,0.6038913232144677,0,1,0,0,0,0,0
0.7602126411482091,0.9112632934333819,0,0,0,0,0.8502149607730863,0.34886659839698586,0,0,1,0,0,0,0
0.40268313247149257,0.7636048857793711,0,0,0.14765840765401073,0.3575295086767165,0.4926854520963698,0.20120819074297513,0,0,0,1,0,0,0
0.40268313247149257,0.7636048857793711,0.34886659839698586,0.8502149607730863,0.4926854520963698,0.20120819074297513,0.9853709041927396,0.40241638148595027,0,0,0,0,1,0,0
0.6038913232144677,1.256290337875741,0.34886659839698586,0.8502149607730863,0,0,0,0,0,0,0,0,0,1,0
0.40268313247149257,0.7636048857793711,0.14765840765401073,0.3575295086767165,0,0,0.4926854520963698,0.20120819074297513,0,0,0,0,0,0,1
0.005176247398387563,0.029336388610268303,0.052836660016083364,0.26993563438261936,0,0,0.09539902734096671,0.0006727056839581132,1,0,0,0,0,0,0
0,0,0.052836660016083364,0.26993563438261936,0.029336388610268303,0.005176247398387563,0.12473541595123501,0.005848953082345676,0,1,0,0,0,0,0
0.27511188178100693,0.08217304862635166,0,0,0,0,0.3653346617235861,0.05350936570004148,0,0,1,0,0,0,0
0.005176247398387563,0.029336388610268303,0,0,0.052836660016083364,0.26993563438261936,0.09539902734096671,0.0006727056839581132,0,0,0,1,0,0,0
0.005176247398387563,0.029336388610268303,0.05350936570004148,0.3653346617235861,0.09539902734096671,0.0006727056839581132,0.19079805468193342,0.0013454113679162265,0,0,0,0,1,0,0
0.005848953082345676,0.12473541595123501,0.05350936570004148,0.3653346617235861,0,0,0,0,0,0,0,0,0,1,0
0.005176247398387563,0.029336388610268303,0.052836660016083364,0.26993563438261936,0,0,0.09539902734096671,0.0006727056839581132,0,0,0,0,0,0,1
0.044848091914304104,0.5485510752546381,0.27473755277304923,0.36827734002258333,0,0,0.46960327561370724,0.3909237879803881,1,0,0,0,0,0,0
0,0,0.27473755277304923,0.36827734002258333,0.5485510752546381,0.044848091914304104,1.0181543508683453,0.43577187989469224,0,1,0,0,0,0,0
0.41312543193688744,0.8232886280276873,0,0,0,0,0.8378806156362906,0.6656613407534373,0,0,1,0,0,0,0
0.044848091914304104,0.5485510752546381,0,0,0.27473755277304923,0.36827734002258333,0.46960327561370724,0.3909237879803881,0,0,0,1,0,0,0
0.044848091914304104,0.5485510752546381,0.6656613407534373,0.8378806156362906,0.46960327561370724,0.3909237879803881,0.9392065512274145,0.7818475759607763,0,0,0,0,1,0,0
0.43577187989469224,1.0181543508683453,0.6656613407534373,0.8378806156362906,0,0,0,0,0,0,0,0,0,1,0
0.044848091914304104,0.5485510752546381,0.27473755277304923,0.36827734002258333,0,0,0.46960327561370724,0.3909237879803881,0,0,0,0,0,0,1
0.19037742444086253,0.04938222102198342,0.262986732316126,0.7184202949957652,0,0,0.06967599261956238,0.2794501965550657,1,0,0,0,0,0,0
0,0,0.262986732316126,0.7184202949957652,0.04938222102198342,0.19037742444086253,0.1190582136415458,0.46982762099592823,0,1,0,0,0,0,0
0.9087977194366277,0.31236895333810943,0,0,0,0,0.7880962876153276,0.5424369288711917,0,0,1,0,0,0,0
0.19037742444086253,0.04938222102198342,0,0,0.262986732316126,0.7184202949957652,0.06967599261956238,0.2794501965550657,0,0,0,1,0,0,0
0.19037742444086253,0.04938222102198342,0.5424369288711917,0.7880962876153276,0.06967599261956238,0.2794501965550657,0.13935198523912476,0.5589003931101314,0,0,0,0,1,0,0
0.46982762099592823,0.1190582136415458,0.5424369288711917,0.7880962876153276,0,0,0,0,0,0,0,0,0,1,0
0.19037742444086253,0.04938222102198342,0.262986732316126,0.7184202949957652,0,0,0.06967599261956238,0.2794501965550657,0,0,0,0,0,0,1
0.10973697429886951,0.4935926272603,0.07770283883038193,0.4333080532665482,0,0,0.26662383653814037,0.044310465264908575,1,0,0,0,0,0,0
0,0,0.07770283883038193,0.4333080532665482,0.4935926272603,0.10973697429886951,0.7602164637984403,0.1540474395637781,0,1,0,0,0,0,0
0.5430450275654177,0.5712954660906819,0,0,0,0,0.6999318898046886,0.1220133040952905,0,0,1,0,0,0,0
0.10973697429886951,0.4935926272603,0,0,0.07770283883038193,0.4333080532665482,0.26662383653814037,0.044310465264908575,0,0,0,1,0,0,0
0.10973697429886951,0.4935926272603,0.1220133040952905,0.6999318898046886,0.26662383653814037,0.044310465264908575,0.5332476730762807,0.08862093052981715,0,0,0,0,1,0,0
0.1540474395637781,0.7602164637984403,0.1220133040952905,0.6999318898046886,0,0,0,0,0,0,0,0,0,1,0
0.10973697429886951,0.4935926272603,0.07770283883038193,0.4333080532665482,0,0,0.26662383653814037,0.044310465264908575,0,0,0,0,0,0,1
0.40858375146411924,0.17171474828222624,0.12246729619382621,0.05512790894044162,0,0,0.24446766753510563,0.1408543761980307,1,0,0,0,0,0,0
0,0,0.12246729619382621,0.05512790894044162,0.17171474828222624,0.40858375146411924,0.41618241581733184,0.5494381276621499,0,1,0,0,0,0,0
0.46371166040456085,0.29418204447605245,0,0,0,0,0.29959557647554724,0.2633216723918569,0,0,1,0,0,0,0
0.40858375146411924,0.17171474828222624,0,0,0.12246729619382621,0.05512790894044162,0.24446766753510563,0.1408543761980307,0,0,0,1,0,0,0
0.40858375146411924,0.17171474828222624,0.2633216723918569,0.29959557647554724,0.24446766753510563,0.1408543761980307,0.48893533507021125,0.2817087523960614,0,0,0,0,1,0,0
0.5494381276621499,0.41618241581733184,0.2633216723918569,0.29959557647554724,0,0,0,0,0,0,0,0,0,1,0
0.40858375146411924,0.17171474828222624,0.12246729619382621,0.05512790894044162,0,0,0.24446766753510563,0.1408543761980307,0,0,0,0,0,0,1
0.22491767777939933,0.186138444989213,0.05062187386350975,0.08991421192897867,0,0,0.21367027826909687,0.09507981208643032,1,0,0,0,0,0,0
0,0,0.05062187386350975,0.08991421192897867,0.186138444989213,0.22491767777939933,0.39980872325830985,0.31999748986582965,0,1,0,0,0,0,0
0.314831889708378,0.23676031885272275,0,0,0,0,0.30358449019807554,0.14570168594994007,0,0,1,0,0,0,0
0.22491767777939933,0.186138444989213,0,0,0.05062187386350975,0.08991421192897867,0.21367027826909687,0.09507981208643032,0,0,0,1,0,0,0
0.22491767777939933,0.186138444989213,0.14570168594994007,0.30358449019807554,0.21367027826909687,0.09507981208643032,0.42734055653819375,0.19015962417286064,0,0,0,0,1,0,0
0.31999748986582965,0.39980872325830985,0.14570168594994007,0.30358449019807554,0,0,0,0,0,0,0,0,0,1,0
0.22491767777939933,0.186138444989213,0.05062187386350975,0.08991421192897867,0,0,0.21367027826909687,0.09507981208643032,0,0,0,0,0,0,1
0.18352064331306361,0.7269202545799774,0.2534975825358967,0.019654465414400746,0,0,0.5740458868009856,0.08773002160756149,1,0,0,0,0,0,0
0,0,0.2534975825358967,0.019654465414400746,0.7269202545799774,0.18352064331306361,1.300966141380963,0.2712506649206251,0,1,0,0,0,0,0
0.20317510872746436,0.9804178371158742,0,0,0,0,0.5937003522153863,0.3412276041434582,0,0,1,0,0,0,0
0.18352064331306361,0.7269202545799774,0,0,0.2534975825358967,0.019654465414400746,0.5740458868009856,0.08773002160756149,0,0,0,1,0,0,0
0.18352064331306361,0.7269202545799774,0.3412276041434582,0.5937003522153863,0.5740458868009856,0.08773002160756149,1.1480917736019711,0.17546004321512298,0,0,0,0,1,0,0
0.2712506649206251,1.300966141380963,0.3412276041434582,0.5937003522153863,0,0,0,0,0,0,0,0,0,1,0
0.18352064331306361,0.7269202545799774,0.2534975825358967,0.019654465414400746,0,0,0.5740458868009856,0.08773002160756149,0,0,0,0,0,0,1
0.13493133198553736,0.13194532406007192,0.036094836206401915,0.03335896036598953,0,0,0.008395858666312627,0.3334998314761542,1,0,0,0,0,0,0
0,0,0.036094836206401915,0.03335896036598953,0.13194532406007192,0.13493133198553736,0.14034118272638454,0.46843116346169156,0,1,0,0,0,0,0
0.1682902923515269,0.16804016026647384,0,0,0,0,0.04175481903230216,0.3695946676825561,0,0,1,0,0,0,0
0.13493133198553736,0.13194532406007192,0,0,0.036094836206401915,0.03335896036598953,0.008395858666312627,0.3334998314761542,0,0,0,1,0,0,0
0.13493133198553736,0.13194532406007192,0.3695946676825561,0.04175481903230216,0.008395858666312627,0.3334998314761542,0.016791717332625255,0.6669996629523084,0,0,0,0,1,0,0
0.46843116346169156,0.14034118272638454,0.3695946676825561,0.04175481903230216,0,0,0,0,0,0,0,0,0,1,0
0.13493133198553736,0.13194532406007192,0.036094836206401915,0.03335896036598953,0,0,0.008395858666312627,0.3334998314761542,0,0,0,0,0,0,1
0.003041699965607481,0.08762719759346341,0.01729013515865105,0.17788125912927122,0,0,0.1501175760681145,0.023190133152214253,1,0,0,0,0,0,0
0,0,0.01729013515865105,0.17788125912927122,0.08762719759346341,0.003041699965607481,0.2377447736615779,0.026231833117821735,0,1,0,0,0,0,0
0.1809229590948787,0.10491733275211446,0,0,0,0,0.3279988351973857,0.040480268310865306,0,0,1,0,0,0,0
0.003041699965607481,0.08762719759346341,0,0,0.01729013515865105,0.17788125912927122,0.1501175760681145,0.023190133152214253,0,0,0,1,0,0,0
0.003041699965607481,0.08762719759346341,0.040480268310865306,0.3279988351973857,0.1501175760681145,0.023190133152214253,0.300235152136229,0.04638026630442851,0,0,0,0,1,0,0
0.026231833117821735,0.2377447736615779,0.040480268310865306,0.3279988351973857,0,0,0,0,0,0,0,0,0,1,0
0.003041699965607481,0.08762719759346341,0.01729013515865105,0.17788125912927122,0,0,0.1501175760681145,0.023190133152214253,0,0,0,0,0,0,1
0.028664915745970545,0.388600840952092,0.3229524017649984,0.29636496829655806,0,0,0.4230276251672462,0.0030706137131285317,1,0,0,0,0,0,0
0,0,0.3229524017649984,0.29636496829655806,0.388600840952092,0.028664915745970545,0.8116284661193383,0.03173552945909908,0,1,0,0,0,0,0
0.3250298840425286,0.7115532427170904,0,0,0,0,0.7193925934638042,0.32602301547812695,0,0,1,0,0,0,0
0.028664915745970545,0.388600840952092,0,0,0.3229524017649984,0.29636496829655806,0.4230276251672462,0.0030706137131285317,0,0,0,1,0,0,0
0.028664915745970545,0.388600840952092,0.32602301547812695,0.7193925934638042,0.4230276251672462,0.0030706137131285317,0.8460552503344924,0.0061412274262570635,0,0,0,0,1,0,0
0.03173552945909908,0.8116284661193383,0.32602301547812695,0.7193925934638042,0,0,0,0,0,0,0,0,0,1,0
0.028664915745970545,0.388600840952092,0.3229524017649984,0.29636496829655806,0,0,0.4230276251672462,0.0030706137131285317,0,0,0,0,0,0,1
0.5950645244375125,0.1517378123136653,0.032522895712598865,0.3838130567669638,0,0,0.2400583747815082,0.21543251823637954,1,0,0,0,0,0,0
0,0,0.032522895712598865,0.3838130567669638,0.1517378123136653,0.5950645244375125,0.3917961870951735,0.810497042673892,0,1,0,0,0,0,0
0.9788775812044763,0.18426070802626415,0,0,0,0,0.623871431548472,0.2479554139489784,0,0,1,0,0,0,0
0.5950645244375125,0.1517378123136653,0,0,0.032522895712598865,0.3838130567669638,0.2400583747815082,0.21543251823637954,0,0,0,1,0,0,0
0.5950645244375125,0.1517378123136653,0.2479554139489784,0.623871431548472,0.2400583747815082,0.21543251823637954,0.4801167495630164,0.4308650364727591,0,0,0,0,1,0,0
0.810497042673892,0.3917961870951735,0.2479554139489784,0.623871431548472,0,0,0,0,0,0,0,0,0,1,0
0.5950645244375125,0.1517378123136653,0.032522895712598865,0.3838130567669638,0,0,0.2400583747815082,0.21543251823637954,0,0,0,0,0,0,1
4.2436121594603845e-06,0.4000550229986806,0.007354984974125289,0.08167074169091748,0,0,0.0024210146935791403,0.06443248577304149,1,0,0,0,0,0,0
0,0,0.007354984974125289,0.08167074169091748,0.4000550229986806,4.2436121594603845e-06,0.40247603769225976,0.06443672938520095,0,1,0,0,0,0,0
0.08167498530307694,0.4074100079728059,0,0,0,0,0.08409175638449662,0.07178747074716678,0,0,1,0,0,0,0
4.2436121594603845e-06,0.4000550229986806,0,0,0.007354984974125289,0.08167074169091748,0.0024210146935791403,0.06443248577304149,0,0,0,1,0,0,0
4.2436121594603845e-06,0.4000550229986806,0.07178747074716678,0.08409175638449662,0.0024210146935791403,0.06443248577304149,0.0048420293871582806,0.12886497154608298,0,0,0,0,1,0,0
0.06443672938520095,0.40247603769225976,0.07178747074716678,0.08409175638449662,0,0,0,0,0,0,0,0,0,1,0
4.2436121594603845e-06,0.4000550229986806,0.007354984974125289,0.08167074169091748,0,0,0.0024210146935791403,0.06443248577304149,0,0,0,0,0,0,1
0.2608912645964261,0.03432113916472284,0.19104007453149735,0.0520099246927576,0,0,0.036758061200245676,0.4551690607154357,1,0,0,0,0,0,0
0,0,0.19104007453149735,0.0520099246927576,0.03432113916472284,0.2608912645964261,0.07107920036496851,0.7160603253118618,0,1,0,0,0,0,0
0.3129011892891837,0.2253612136962202,0,0,0,0,0.08876798589300328,0.646209135246933,0,0,1,0,0,0,0
0.2608912645964261,0.03432113916472284,0,0,0.19104007453149735,0.0520099246927576,0.036758061200245676,0.4551690607154357,0,0,0,1,0,0,0
0.2608912645964261,0.03432113916472284,0.646209135246933,0.08876798589300328,0.036758061200245676,0.4551690607154357,0.07351612240049135,0.9103381214308714,0,0,0,0,1,0,0
0.7160603253118618,0.07107920036496851,0.646209135246933,0.08876798589300328,0,0,0,0,0,0,0,0,0,1,0
0.2608912645964261,0.03432113916472284,0.19104007453149735,0.0520099246927576,0,0,0.036758061200245676,0.4551690607154357,0,0,0,0,0,0,1
0.03156516351103006,0.11955080829794934,0.1903368449597806,0.9269151800249293,0,0,0.010497515591928195,0.9163418790068327,1,0,0,0,0,0,0
0,0,0.1903368449597806,0.9269151800249293,0.11955080829794934,0.03156516351103006,0.13004832388987753,0.9479070425178628,0,1,0,0,0,0,0
0.9584803435359595,0.30988765325772993,0,0,0,0,0.9374126956168576,1.1066787239666134,0,0,1,0,0,0,0
0.03156516351103006,0.11955080829794934,0,0,0.1903368449597806,0.9269151800249293,0.010497515591928195,0.9163418790068327,0,0,0,1,0,0,0
0.03156516351103006,0.11955080829794934,1.1066787239666134,0.9374126956168576,0.010497515591928195,0.9163418790068327,0.02099503118385639,1.8326837580136655,0,0,0,0,1,0,0
0.9479070425178628,0.13004832388987753,1.1066787239666134,0.9374126956168576,0,0,0,0,0,0,0,0,0,1,0
0.03156516351103006,0.11955080829794934,0.1903368449597806,0.9269151800249293,0,0,0.010497515591928195,0.9163418790068327,0,0,0,0,0,0,1
0.02903734208999333,0.31671192176066226,0.15888211954430403,0.4463356594925243,0,0,0.04141613846434676,0.009753162367348227,1,0,0,0,0,0,0
0,0,0.15888211954430403,0.4463356594925243,0.31671192176066226,0.02903734208999333,0.35812806022500904,0.03879050445734156,0,1,0,0,0,0,0
0.4753730015825176,0.4755940413049663,0,0,0,0,0.48775179795687107,0.16863528191165225,0,0,1,0,0,0,0
0.02903734208999333,0.31671192176066226,0,0,0.15888211954430403,0.4463356594925243,0.04141613846434676,0.009753162367348227,0,0,0,1,0,0,0
0.02903734208999333,0.31671192176066226,0.16863528191165225,0.48775179795687107,0.04141613846434676,0.009753162367348227,0.08283227692869352,0.019506324734696455,0,0,0,0,1,0,0
0.03879050445734156,0.35812806022500904,0.16863528191165225,0.48775179795687107,0,0,0,0,0,0,0,0,0,1,0
0.02903734208999333,0.31671192176066226,0.15888211954430403,0.4463356594925243,0,0,0.04141613846434676,0.009753162367348227,0,0,0,0,0,0,1
0.1622814356174576,0.2766441650397131,0.24510465526774372,0.10512929411125893,0,0,0.27656081488158335,0.14081005268109645,1,0,0,0,0,0,0
0,0,0.24510465526774372,0.10512929411125893,0.2766441650397131,0.1622814356174576,0.5532049799212965,0.30309148829855403,0,1,0,0,0,0,0
0.2674107297287165,0.5217488203074568,0,0,0,0,0.3816901089928423,0.3859147079488402,0,0,1,0,0,0,0
0.1622814356174576,0.2766441650397131,0,0,0.24510465526774372,0.10512929411125893,0.27656081488158335,0.14081005268109645,0,0,0,1,0,0,0
0.1622814356174576,0.2766441650397131,0.3859147079488402,0.3816901089928423,0.27656081488158335,0.14081005268109645,0.5531216297631667,0.2816201053621929,0,0,0,0,1,0,0
0.30309148829855403,0.5532049799212965,0.3859147079488402,0.3816901089928423,0,0,0,0,0,0,0,0,0,1,0
0.1622814356174576,0.2766441650397131,0.24510465526774372,0.10512929411125893,0,0,0.27656081488158335,0.14081005268109645,0,0,0,0,0,0,1
0.15615916707478195,0.1034003164275059,0.8738545741058835,0.0832541393662104,0,0,0.5743596792291611,0.15981271740645275,1,0,0,0,0,0,0
0,0,0.8738545741058835,0.0832541393662104,0.1034003164275059,0.15615916707478195,0.677759995656667,0.3159718844812347,0,1,0,0,0,0,0
0.23941330644099235,0.9772548905333894,0,0,0,0,0.6576138185953715,1.0336672915123364,0,0,1,0,0,0,0
0.15615916707478195,0.1034003164275059,0,0,0.8738545741058835,0.0832541393662104,0.5743596792291611,0.15981271740645275,0,0,0,1,0,0,0
0.15615916707478195,0.1034003164275059,1.0336672915123364,0.6576138185953715,0.5743596792291611,0.15981271740645275,1.1487193584583222,0.3196254348129055,0,0,0,0,1,0,0
0.3159718844812347,0.677759995656667,1.0336672915123364,0.6576138185953715,0,0,0,0,0,0,0,0,0,1,0
0.15615916707478195,0.1034003164275059,0.8738545741058835,0.0832541393662104,0,0,0.5743596792291611,0.15981271740645275,0,0,0,0,0,0,1
0.5917198969937557,0.24907805281591625,0.5225046455769596,0.4904604116600352,0,0,0.29371283027536677,0.32938322004716436,1,0,0,0,0,0,0
0,0,0.5225046455769596,0.4904604116600352,0.24907805281591625,0.5917198969937557,0.542790883091283,0.9211031170409201,0,1,0,0,0,0,0
1.082180308653791,0.7715826983928759,0,0,0,0,0.7841732419354019,0.851887865624124,0,0,1,0,0,0,0
0.5917198969937557,0.24907805281591625,0,0,0.5225046455769596,0.4904604116600352,0.29371283027536677,0.32938322004716436,0,0,0,1,0,0,0
0.5917198969937557,0.24907805281591625,0.851887865624124,0.7841732419354019,0.29371283027536677,0.32938322004716436,0.5874256605507335,0.6587664400943287,0,0,0,0,1,0,0
0.9211031170409201,0.542790883091283,0.851887865624124,0.7841732419354019,0,0,0,0,0,0,0,0,0,1,0
0.5917198969937557,0.24907805281591625,0.5225046455769596,0.4904604116600352,0,0,0.29371283027536677,0.32938322004716436,0,0,0,0,0,0,1
0.0894481460146076,0.16451548918785677,0.21806603682416145,0.01820726410381992,0,0,0.043432628657912066,0.24351079935889064,1,0,0,0,0,0,0
0,0,0.21806603682416145,0.01820726410381992,0.16451548918785677,0.0894481460146076,0.20794811784576883,0.33295894537349824,0,1,0,0,0,0,0
0.10765541011842752,0.3825815260120182,0,0,0,0,0.061639892761731985,0.4615768361830521,0,0,1,0,0,0,0
0.0894481460146076,0.16451548918785677,0,0,0.21806603682416145,0.01820726410381992,0.043432628657912066,0.24351079935889064,0,0,0,1,0,0,0
0.0894481460146076,0.16451548918785677,0.4615768361830521,0.061639892761731985,0.043432628657912066,0.24351079935889064,0.08686525731582413,0.4870215987177813,0,0,0,0,1,0,0
0.33295894537349824,0.20794811784576883,0.4615768361830521,0.061639892761731985,0,0,0,0,0,0,0,0,0,1,0
0.0894481460146076,0.16451548918785677,0.21806603682416145,0.01820726410381992,0,0,0.043432628657912066,0.24351079935889064,0,0,0,0,0,0,1
0.11849870309385185,0.2803629559071756,0.3259906930631596,0.8549828120500271,0,0,0.1246766266824976,0.6764496750654572,1,0,0,0,0,0,0
0,0,0.3259906930631596,0.8549828120500271,0.2803629559071756,0.11849870309385185,0.4050395825896732,0.794948378159309,0,1,0,0,0,0,0
0.9734815151438789,0.6063536489703352,0,0,0,0,0.9796594387325247,1.0024403681286167,0,0,1,0,0,0,0
0.11849870309385185,0.2803629559071756,0,0,0.3259906930631596,0.8549828120500271,0.1246766266824976,0.6764496750654572,0,0,0,1,0,0,0
0.11849870309385185,0.2803629559071756,1.0024403681286167,0.9796594387325247,0.1246766266824976,0.6764496750654572,0.2493532533649952,1.3528993501309143,0,0,0,0,1,0,0
0.794948378159309,0.4050395825896732,1.0024403681286167,0.9796594387325247,0,0,0,0,0,0,0,0,0,1,0
0.11849870309385185,0.2803629559071756,0.3259906930631596,0.8549828120500271,0,0,0.1246766266824976,0.6764496750654572,0,0,0,0,0,0,1
0.32664568732141,0.046617537644347756,0.2294389249275822,0.011792763814031604,0,0,0.530869650687512,0.6071493753496149,1,0,0,0,0,0,0
0,0,0.2294389249275822,0.011792763814031604,0.046617537644347756,0.32664568732141,0.5774871883318597,0.933795062671025,0,1,0,0,0,0,0
0.33843845113544163,0.27605646257192995,0,0,0,0,0.5426624145015436,0.8365883002771971,0,0,1,0,0,0,0
0.32664568732141,0.046617537644347756,0,0,0.2294389249275822,0.011792763814031604,0.530869650687512,0.6071493753496149,0,0,0,1,0,0,0
0.32664568732141,0.046617537644347756,0.8365883002771971,0.5426624145015436,0.530869650687512,0.6071493753496149,1.061739301375024,1.2142987506992298,0,0,0,0,1,0,0
0.933795062671025,0.5774871883318597,0.8365883002771971,0.5426624145015436,0,0,0,0,0,0,0,0,0,1,0
0.32664568732141,0.046617537644347756,0.2294389249275822,0.011792763814031604,0,0,0.530869650687512,0.6071493753496149,0,0,0,0,0,0,1
0.4424703830870756,0.2766272515923605,0.36896831906051947,0.011878818510571088,0,0,0.004927048173403348,0.11994060250377397,1,0,0,0,0,0,0
0,0,0.36896831906051947,0.011878818510571088,0.2766272515923605,0.4424703830870756,0.28155429976576385,0.5624109855908496,0,1,0,0,0,0,0
0.4543492015976467,0.64559557065288,0,0,0,0,0.016805866683974435,0.48890892156429344,0,0,1,0,0,0,0
0.4424703830870756,0.2766272515923605,0,0,0.36896831906051947,0.011878818510571088,0.004927048173403348,0.11994060250377397,0,0,0,1,0,0,0
0.4424703830870756,0.2766272515923605,0.48890892156429344,0.016805866683974435,0.004927048173403348,0.11994060250377397,0.009854096346806696,0.23988120500754795,0,0,0,0,1,0,0
0.5624109855908496,0.28155429976576385,0.48890892156429344,0.016805866683974435,0,0,0,0,0,0,0,0,0,1,0
0.4424703830870756,0.2766272515923605,0.36896831906051947,0.011878818510571088,0,0,0.004927048173403348,0.11994060250377397,0,0,0,0,0,0,1
0.157837866256962,0.028391043867889973,0.10363796631845397,0.006960759615862289,0,0,0.6046895975146214,0.05564833735933611,1,0,0,0,0,0,0
0,0,0.10363796631845397,0.006960759615862289,0.028391043867889973,0.157837866256962,0.6330806413825113,0.2134862036162981,0,1,0,0,0,0,0
0.1647986258728243,0.13202901018634394,0,0,0,0,0.6116503571304837,0.15928630367779006,0,0,1,0,0,0,0
0.157837866256962,0.028391043867889973,0,0,0.10363796631845397,0.006960759615862289,0.6046895975146214,0.05564833735933611,0,0,0,1,0,0,0
0.157837866256962,0.028391043867889973,0.15928630367779006,0.6116503571304837,0.6046895975146214,0.05564833735933611,1.2093791950292427,0.11129667471867222,0,0,0,0,1,0,0
0.2134862036162981,0.6330806413825113,0.15928630367779006,0.6116503571304837,0,0,0,0,0,0,0,0,0,1,0
0.157837866256962,0.028391043867889973,0.10363796631845397,0.006960759615862289,0,0,0.6046895975146214,0.05564833735933611,0,0,0,0,0,0,1
0.059270655080966295,0.5662308463390312,0.3541428269490201,0.07270514285392271,0,0,0.3587858726579135,0.6025795070553386,1,0,0,0,0,0,0
0,0,0.3541428269490201,0.07270514285392271,0.5662308463390312,0.059270655080966295,0.9250167189969447,0.6618501621363049,0,1,0,0,0,0,0
0.131975797934889,0.9203736732880513,0,0,0,0,0.4314910155118362,0.9567223340043587,0,0,1,0,0,0,0
0.059270655080966295,0.5662308463390312,0,0,0.3541428269490201,0.07270514285392271,0.3587858726579135,0.6025795070553386,0,0,0,1,0,0,0
0.059270655080966295,0.5662308463390312,0.9567223340043587,0.4314910155118362,0.3587858726579135,0.6025795070553386,0.717571745315827,1.2051590141106772,0,0,0,0,1,0,0
0.6618501621363049,0.9250167189969447,0.9567223340043587,0.4314910155118362,0,0,0,0,0,0,0,0,0,1,0
0.059270655080966295,0.5662308463390312,0.3541428269490201,0.07270514285392271,0,0,0.3587858726579135,0.6025795070553386,0,0,0,0,0,0,1
0.19671405392667138,0.1826586363011218,0.7629227840925933,0.11217178390110683,0,0,0.8416629140962179,0.4325532000355403,1,0,0,0,0,0,0
0,0,0.7629227840925933,0.11217178390110683,0.1826586363011218,0.19671405392667138,1.0243215503973397,0.6292672539622117,0,1,0,0,0,0,0
0.30888583782777823,0.9455814203937151,0,0,0,0,0.9538346979973247,1.1954759841281337,0,0,1,0,0,0,0
0.19671405392667138,0.1826586363011218,0,0,0.7629227840925933,0.11217178390110683,0.8416629140962179,0.4325532000355403,0,0,0,1,0,0,0
0.19671405392667138,0.1826586363011218,1.1954759841281337,0.9538346979973247,0.8416629140962179,0.4325532000355403,1.6833258281924357,0.8651064000710806,0,0,0,0,1,0,0
0.6292672539622117,1.0243215503973397,1.1954759841281337,0.9538346979973247,0,0,0,0,0,0,0,0,0,1,0
0.19671405392667138,0.1826586363011218,0.7629227840925933,0.11217178390110683,0,0,0.8416629140962179,0.4325532000355403,0,0,0,0,0,0,1
0.21087351577134733,0.4567192942012992,0.1779216460494214,0.12237395064070267,0,0,0.1560839825541942,0.38942873093770164,1,0,0,0,0,0,0
0,0,0.1779216460494214,0.12237395064070267,0.4567192942012992,0.21087351577134733,0.6128032767554934,0.600302246709049,0,1,0,0,0,0,0
0.33324746641205,0.6346409402507206,0,0,0,0,0.27845793319489687,0.5673503769871231,0,0,1,0,0,0,0
0.21087351577134733,0.4567192942012992,0,0,0.1779216460494214,0.12237395064070267,0.1560839825541942,0.38942873093770164,0,0,0,1,0,0,0
0.21087351577134733,0.4567192942012992,0.5673503769871231,0.27845793319489687,0.1560839825541942,0.38942873093770164,0.3121679651083884,0.7788574618754033,0,0,0,0,1,0,0
0.600302246709049,0.6128032767554934,0.5673503769871231,0.27845793319489687,0,0,0,0,0,0,0,0,0,1,0
0.21087351577134733,0.4567192942012992,0.1779216460494214,0.12237395064070267,0,0,0.1560839825541942,0.38942873093770164,0,0,0,0,0,0,1
0.10878440517219312,0.3201316987209666,0.5024722027861571,0.11144943866256307,0,0,0.45637632706769693,0.0032284591068262314,1,0,0,0,0,0,0
0,0,0.5024722027861571,0.11144943866256307,0.3201316987209666,0.10878440517219312,0.7765080257886635,0.11201286427901935,0,1,0,0,0,0,0
0.2202338438347562,0.8226039015071237,0,0,0,0,0.56782576573026,0.5057006618929833,0,0,1,0,0,0,0
0.10878440517219312,0.3201316987209666,0,0,0.5024722027861571,0.11144943866256307,0.45637632706769693,0.0032284591068262314,0,0,0,1,0,0,0
0.10878440517219312,0.3201316987209666,0.5057006618929833,0.56782576573026,0.45637632706769693,0.0032284591068262314,0.9127526541353939,0.006456918213652463,0,0,0,0,1,0,0
0.11201286427901935,0.7765080257886635,0.5057006618929833,0.56782576573026,0,0,0,0,0,0,0,0,0,1,0
0.10878440517219312,0.3201316987209666,0.5024722027861571,0.11144943866256307,0,0,0.45637632706769693,0.0032284591068262314,0,0,0,0,0,0,1
0.40241051422572244,0.37215364662394246,0.469499362166506,0.03309505154561551,0,0,0.07208641439360666,0.05049801331969356,1,0,0,0,0,0,0
0,0,0.469499362166506,0.03309505154561551,0.37215364662394246,0.40241051422572244,0.4442400610175491,0.452908527545416,0,1,0,0,0,0,0
0.4355055657713379,0.8416530087904485,0,0,0,0,0.10518146593922217,0.5199973754861995,0,0,1,0,0,0,0
0.40241051422572244,0.37215364662394246,0,0,0.469499362166506,0.03309505154561551,0.07208641439360666,0.05049801331969356,0,0,0,1,0,0,0
0.40241051422572244,0.37215364662394246,0.5199973754861995,0.10518146593922217,0.07208641439360666,0.05049801331969356,0.14417282878721333,0.10099602663938712,0,0,0,0,1,0,0
0.452908527545416,0.4442400610175491,0.5199973754861995,0.10518146593922217,0,0,0,0,0,0,0,0,0,1,0
0.40241051422572244,0.37215364662394246,0.469499362166506,0.03309505154561551,0,0,0.07208641439360666,0.05049801331969356,0,0,0,0,0,0,1
0.12876855909177934,0.283229453058619,0.6949541067721928,0.8424842666682067,0,0,0.15069506739224012,0.13887046965657254,1,0,0,0,0,0,0
0,0,0.6949541067721928,0.8424842666682067,0.283229453058619,0.12876855909177934,0.43392452045085916,0.2676390287483519,0,1,0,0,0,0,0
0.9712528257599861,0.9781835598308118,0,0,0,0,0.9931793340604469,0.8338245764287654,0,0,1,0,0,0,0
0.12876855909177934,0.283229453058619,0,0,0.6949541067721928,0.8424842666682067,0.15069506739224012,0.13887046965657254,0,0,0,1,0,0,0
0.12876855909177934,0.283229453058619,0.8338245764287654,0.9931793340604469,0.15069506739224012,0.13887046965657254,0.30139013478448023,0.2777409393131451,0,0,0,0,1,0,0
0.2676390287483519,0.43392452045085916,0.8338245764287654,0.9931793340604469,0,0,0,0,0,0,0,0,0,1,0
0.12876855909177934,0.283229453058619,0.6949541067721928,0.8424842666682067,0,0,0.15069506739224012,0.13887046965657254,0,0,0,0,0,0,1
0.19815792611691097,0.0026662725436751964,0.005715659154767839,0.4909946219555863,0,0,0.0496686029241227,0.22270688458807442,1,0,0,0,0,0,0
0,0,0.005715659154767839,0.4909946219555863,0.0026662725436751964,0.19815792611691097,0.0523348754677979,0.4208648107049854,0,1,0,0,0,0,0
0.6891525480724973,0.008381931698443035,0,0,0,0,0.540663224879709,0.22842254374284227,0,0,1,0,0,0,0
0.19815792611691097,0.0026662725436751964,0,0,0.005715659154767839,0.4909946219555863,0.0496686029241227,0.22270688458807442,0,0,0,1,0,0,0
0.19815792611691097,0.0026662725436751964,0.22842254374284227,0.540663224879709,0.0496686029241227,0.22270688458807442,0.0993372058482454,0.44541376917614883,0,0,0,0,1,0,0
0.4208648107049854,0.0523348754677979,0.22842254374284227,0.540663224879709,0,0,0,0,0,0,0,0,0,1,0
0.19815792611691097,0.0026662725436751964,0.005715659154767839,0.4909946219555863,0,0,0.0496686029241227,0.22270688458807442,0,0,0,0,0,0,1
0.30577048711112736,0.4999417104774863,0.04111065589766377,0.07743561008247957,0,0,0.2658908521340573,0.09851370962757128,1,0,0,0,0,0,0
0,0,0.04111065589766377,0.07743561008247957,0.4999417104774863,0.30577048711112736,0.7658325626115436,0.40428419673869864,0,1,0,0,0,0,0
0.38320609719360693,0.5410523663751501,0,0,0,0,0.34332646221653684,0.13962436552523505,0,0,1,0,0,0,0
0.30577048711112736,0.4999417104774863,0,0,0.04111065589766377,0.07743561008247957,0.2658908521340573,0.09851370962757128,0,0,0,1,0,0,0
0.30577048711112736,0.4999417104774863,0.13962436552523505,0.34332646221653684,0.2658908521340573,0.09851370962757128,0.5317817042681146,0.19702741925514256,0,0,0,0,1,0,0
0.40428419673869864,0.7658325626115436,0.13962436552523505,0.34332646221653684,0,0,0,0,0,0,0,0,0,1,0
0.30577048711112736,0.4999417104774863,0.04111065589766377,0.07743561008247957,0,0,0.2658908521340573,0.09851370962757128,0,0,0,0,0,0,1
0.05260393346716745,0.020884339127033125,0.20103248985096478,0.6194780313253232,0,0,0.27495636707504423,0.36746581958557084,1,0,0,0,0,0,0
0,0,0.20103248985096478,0.6194780313253232,0.020884339127033125,0.05260393346716745,0.29584070620207736,0.4200697530527383,0,1,0,0,0,0,0
0.6720819647924906,0.22191682897799792,0,0,0,0,0.8944343984003674,0.5684983094365357,0,0,1,0,0,0,0
0.05260393346716745,0.020884339127033125,0,0,0.20103248985096478,0.6194780313253232,0.27495636707504423,0.36746581958557084,0,0,0,1,0,0,0
0.05260393346716745,0.020884339127033125,0.5684983094365357,0.8944343984003674,0.27495636707504423,0.36746581958557084,0.5499127341500885,0.7349316391711417,0,0,0,0,1,0,0
0.4200697530527383,0.29584070620207736,0.5684983094365357,0.8944343984003674,0,0,0,0,0,0,0,0,0,1,0
0.05260393346716745,0.020884339127033125,0.20103248985096478,0.6194780313253232,0,0,0.27495636707504423,0.36746581958557084,0,0,0,0,0,0,1
0.08463205663658133,0.4769634415387424,0.4971342512072467,0.1368452800066442,0,0,0.6648629036086068,0.5771136587660769,1,0,0,0,0,0,0
0,0,0.4971342512072467,0.1368452800066442,0.4769634415387424,0.08463205663658133,1.1418263451473492,0.6617457154026583,0,1,0,0,0,0,0
0.22147733664322553,0.9740976927459891,0,0,0,0,0.801708183615251,1.0742479099733235,0,0,1,0,0,0,0
0.08463205663658133,0.4769634415387424,0,0,0.4971342512072467,0.1368452800066442,0.6648629036086068,0.5771136587660769,0,0,0,1,0,0,0
0.08463205663658133,0.4769634415387424,1.0742479099733235,0.801708183615251,0.6648629036086068,0.5771136587660769,1.3297258072172136,1.1542273175321538,0,0,0,0,1,0,0
0.6617457154026583,1.1418263451473492,1.0742479099733235,0.801708183615251,0,0,0,0,0,0,0,0,0,1,0
0.08463205663658133,0.4769634415387424,0.4971342512072467,0.1368452800066442,0,0,0.6648629036086068,0.5771136587660769,0,0,0,0,0,0,1
0.3141098320720328,0.008281001453438186,0.31615917280274547,0.5548883440488706,0,0,0.05584276066117795,0.22082122305513585,1,0,0,0,0,0,0
0,0,0.31615917280274547,0.5548883440488706,0.008281001453438186,0.3141098320720328,0.06412376211461614,0.5349310551271687,0,1,0,0,0,0,0
0.8689981761209034,0.32444017425618366,0,0,0,0,0.6107311047100485,0.5369803958578814,0,0,1,0,0,0,0
0.3141098320720328,0.008281001453438186,0,0,0.31615917280274547,0.5548883440488706,0.05584276066117795,0.22082122305513585,0,0,0,1,0,0,0
0.3141098320720328,0.008281001453438186,0.5369803958578814,0.6107311047100485,0.05584276066117795,0.22082122305513585,0.1116855213223559,0.4416424461102717,0,0,0,0,1,0,0
0.5349310551271687,0.06412376211461614,0.5369803958578814,0.6107311047100485,0,0,0,0,0,0,0,0,0,1,0
0.3141098320720328,0.008281001453438186,0.31615917280274547,0.5548883440488706,0,0,0.05584276066117795,0.22082122305513585,0,0,0,0,0,0,1
0.11641623193443361,0.40923228914212195,0.3599518827917545,0.6069995837932227,0,0,0.18478224154341727,0.1763665745569023,1,0,0,0,0,0,0
0,0,0.3599518827917545,0.6069995837932227,0.40923228914212195,0.11641623193443361,0.5940145306855392,0.2927828064913359,0,1,0,0,0,0,0
0.7234158157276563,0.7691841719338764,0,0,0,0,0.79178182533664,0.5363184573486568,0,0,1,0,0,0,0
0.11641623193443361,0.40923228914212195,0,0,0.3599518827917545,0.6069995837932227,0.18478224154341727,0.1763665745569023,0,0,0,1,0,0,0
0.11641623193443361,0.40923228914212195,0.5363184573486568,0.79178182533664,0.18478224154341727,0.1763665745569023,0.36956448308683454,0.3527331491138046,0,0,0,0,1,0,0
0.2927828064913359,0.5940145306855392,0.5363184573486568,0.79178182533664,0,0,0,0,0,0,0,0,0,1,0
0.11641623193443361,0.40923228914212195,0.3599518827917545,0.6069995837932227,0,0,0.18478224154341727,0.1763665745569023,0,0,0,0,0,0,1
0.0050045695766672655,0.09326259354762789,0.11157336483318114,0.13794727343012936,0,0,0.777614330765818,0.013111427865089138,1,0,0,0,0,0,0
0,0,0.11157336483318114,0.13794727343012936,0.09326259354762789,0.0050045695766672655,0.8708769243134459,0.018115997441756404,0,1,0,0,0,0,0
0.14295184300679661,0.20483595838080904,0,0,0,0,0.9155616041959473,0.12468479269827028,0,0,1,0,0,0,0
0.0050045695766672655,0.09326259354762789,0,0,0.11157336483318114,0.13794727343012936,0.777614330765818,0.013111427865089138,0,0,0,1,0,0,0
0.0050045695766672655,0.09326259354762789,0.12468479269827028,0.9155616041959473,0.777614330765818,0.013111427865089138,1.555228661531636,0.026222855730178275,0,0,0,0,1,0,0
0.018115997441756404,0.8708769243134459,0.12468479269827028,0.9155616041959473,0,0,0,0,0,0,0,0,0,1,0
0.0050045695766672655,0.09326259354762789,0.11157336483318114,0.13794727343012936,0,0,0.777614330765818,0.013111427865089138,0,0,0,0,0,0,1
0.35860382957159437,0.024795247932130254,0.10901821820935967,0.6409123808812095,0,0,0.009898051336891377,0.3763845450503687,1,0,0,0,0,0,0
0,0,0.10901821820935967,0.6409123808812095,0.024795247932130254,0.35860382957159437,0.034693299269021635,0.7349883746219631,0,1,0,0,0,0,0
0.9995162104528039,0.13381346614148992,0,0,0,0,0.6508104322181009,0.4854027632597284,0,0,1,0,0,0,0
0.35860382957159437,0.024795247932130254,0,0,0.10901821820935967,0.6409123808812095,0.009898051336891377,0.3763845450503687,0,0,0,1,0,0,0
0.35860382957159437,0.024795247932130254,0.4854027632597284,0.6508104322181009,0.009898051336891377,0.3763845450503687,0.019796102673782755,0.7527690901007374,0,0,0,0,1,0,0
0.7349883746219631,0.034693299269021635,0.4854027632597284,0.6508104322181009,0,0,0,0,0,0,0,0,0,1,0
0.35860382957159437,0.024795247932130254,0.10901821820935967,0.6409123808812095,0,0,0.009898051336891377,0.3763845450503687,0,0,0,0,0,0,1
0.15264282872576393,0.002795622057037694,0.007588352814739531,0.36761369847598224,0,0,0.48486041335525476,0.13720918790298944,1,0,0,0,0,0,0
0,0,0.007588352814739531,0.36761369847598224,0.002795622057037694,0.15264282872576393,0.48765603541229247,0.2898520166287534,0,1,0,0,0,0,0
0.5202565272017462,0.010383974871777224,0,0,0,0,0.852474111831237,0.14479754071772896,0,0,1,0,0,0,0
0.15264282872576393,0.002795622057037694,0,0,0.007588352814739531,0.36761369847598224,0.48486041335525476,0.13720918790298944,0,0,0,1,0,0,0
0.15264282872576393,0.002795622057037694,0.14479754071772896,0.852474111831237,0.48486041335525476,0.13720918790298944,0.9697208267105095,0.2744183758059789,0,0,0,0,1,0,0
0.2898520166287534,0.48765603541229247,0.14479754071772896,0.852474111831237,0,0,0,0,0,0,0,0,0,1,0
0.15264282872576393,0.002795622057037694,0.007588352814739531,0.36761369847598224,0,0,0.48486041335525476,0.13720918790298944,0,0,0,0,0,0,1
0.3349425772680065,0.5564658245558832,0.31377556408087925,0.1417223915610128,0,0,0.27353996927560215,0.08654580513799054,1,0,0,0,0,0,0
0,0,0.31377556408087925,0.1417223915610128,0.5564658245558832,0.3349425772680065,0.8300057938314853,0.42148838240599706,0,1,0,0,0,0,0
0.4766649688290193,0.8702413886367625,0,0,0,0,0.41526236083661494,0.4003213692188698,0,0,1,0,0,0,0
0.3349425772680065,0.5564658245558832,0,0,0.31377556408087925,0.1417223915610128,0.27353996927560215,0.08654580513799054,0,0,0,1,0,0,0
0.3349425772680065,0.5564658245558832,0.4003213692188698,0.41526236083661494,0.27353996927560215,0.08654580513799054,0.5470799385512043,0.17309161027598108,0,0,0,0,1,0,0
0.42148838240599706,0.8300057938314853,0.4003213692188698,0.41526236083661494,0,0,0,0,0,0,0,0,0,1,0
0.3349425772680065,0.5564658245558832,0.31377556408087925,0.1417223915610128,0,0,0.27353996927560215,0.08654580513799054,0,0,0,0,0,0,1
0.15304089837042611,0.25958123142816836,0.16313573243050827,0.02712236737806166,0,0,0.004846015374906657,0.8085658123256606,1,0,0,0,0,0,0
0,0,0.16313573243050827,0.02712236737806166,0.25958123142816836,0.15304089837042611,0.264427246803075,0.9616067106960867,0,1,0,0,0,0,0
0.1801632657484878,0.42271696385867663,0,0,0,0,0.031968382752968316,0.9717015447561689,0,0,1,0,0,0,0
0.15304089837042611,0.25958123142816836,0,0,0.16313573243050827,0.02712236737806166,0.004846015374906657,0.8085658123256606,0,0,0,1,0,0,0
0.15304089837042611,0.25958123142816836,0.9717015447561689,0.031968382752968316,0.004846015374906657,0.8085658123256606,0.009692030749813315,1.6171316246513212,0,0,0,0,1,0,0
0.9616067106960867,0.264427246803075,0.9717015447561689,0.031968382752968316,0,0,0,0,0,0,0,0,0,1,0
0.15304089837042611,0.25958123142816836,0.16313573243050827,0.02712236737806166,0,0,0.004846015374906657,0.8085658123256606,0,0,0,0,0,0,1
0.5480879155962263,0.5196667629575162,0.1531932120183117,0.004047640652868709,0,0,0.10180011761812076,0.22137532868046184,1,0,0,0,0,0,0
0,0,0.1531932120183117,0.004047640652868709,0.5196667629575162,0.5480879155962263,0.621466880575637,0.7694632442766881,0,1,0,0,0,0,0
0.5521355562490949,0.672859974975828,0,0,0,0,0.10584775827098947,0.37456854069877354,0,0,1,0,0,0,0
0.5480879155962263,0.5196667629575162,0,0,0.1531932120183117,0.004047640652868709,0.10180011761812076,0.22137532868046184,0,0,0,1,0,0,0
0.5480879155962263,0.5196667629575162,0.37456854069877354,0.10584775827098947,0.10180011761812076,0.22137532868046184,0.20360023523624152,0.44275065736092367,0,0,0,0,1,0,0
0.7694632442766881,0.621466880575637,0.37456854069877354,0.10584775827098947,0,0,0,0,0,0,0,0,0,1,0
0.5480879155962263,0.5196667629575162,0.1531932120183117,0.004047640652868709,0,0,0.10180011761812076,0.22137532868046184,0,0,0,0,0,0,1
0.1289132157579236,0.15289882373185518,0.4189464657583113,0.10977127320872057,0,0,0.006641776676773814,0.6279309566844279,1,0,0,0,0,0,0
0,0,0.4189464657583113,0.10977127320872057,0.15289882373185518,0.1289132157579236,0.159540600408629,0.7568441724423515,0,1,0,0,0,0,0
0.23868448896664418,0.5718452894901664,0,0,0,0,0.11641304988549439,1.0468774224427393,0,0,1,0,0,0,0
0.1289132157579236,0.15289882373185518,0,0,0.4189464657583113,0.10977127320872057,0.006641776676773814,0.6279309566844279,0,0,0,1,0,0,0
0.1289132157579236,0.15289882373185518,1.0468774224427393,0.11641304988549439,0.006641776676773814,0.6279309566844279,0.013283553353547629,1.2558619133688558,0,0,0,0,1,0,0
0.7568441724423515,0.159540600408629,1.0468774224427393,0.11641304988549439,0,0,0,0,0,0,0,0,0,1,0
0.1289132157579236,0.15289882373185518,0.4189464657583113,0.10977127320872057,0,0,0.006641776676773814,0.6279309566844279,0,0,0,0,0,0,1
0.3168152089886941,0.14213226242054783,0.07945400402833408,0.04377634833121636,0,0,0.009078743236969103,0.36681480997152516,1,0,0,0,0,0,0
0,0,0.07945400402833408,0.04377634833121636,0.14213226242054783,0.3168152089886941,0.15121100565751694,0.6836300189602192,0,1,0,0,0,0,0
0.36059155731991044,0.2215862664488819,0,0,0,0,0.052855091568185464,0.44626881399985924,0,0,1,0,0,0,0
0.3168152089886941,0.14213226242054783,0,0,0.07945400402833408,0.04377634833121636,0.009078743236969103,0.36681480997152516,0,0,0,1,0,0,0
0.3168152089886941,0.14213226242054783,0.44626881399985924,0.052855091568185464,0.009078743236969103,0.36681480997152516,0.018157486473938205,0.7336296199430503,0,0,0,0,1,0,0
0.6836300189602192,0.15121100565751694,0.44626881399985924,0.052855091568185464,0,0,0,0,0,0,0,0,0,1,0
0.3168152089886941,0.14213226242054783,0.07945400402833408,0.04377634833121636,0,0,0.009078743236969103,0.36681480997152516,0,0,0,0,0,0,1
0.4000891945719172,0.5808611756509449,0.2331218097570622,0.025763700465125133,0,0,0.12802076302763707,0.3744914041607768,1,0,0,0,0,0,0
0,0,0.2331218097570622,0.025763700465125133,0.5808611756509449,0.4000891945719172,0.708881938678582,0.774580598732694,0,1,0,0,0,0,0
0.4258528950370424,0.8139829854080071,0,0,0,0,0.1537844634927622,0.607613213917839,0,0,1,0,0,0,0
0.4000891945719172,0.5808611756509449,0,0,0.2331218097570622,0.025763700465125133,0.12802076302763707,0.3744914041607768,0,0,0,1,0,0,0
0.4000891945719172,0.5808611756509449,0.607613213917839,0.1537844634927622,0.12802076302763707,0.3744914041607768,0.25604152605527414,0.7489828083215536,0,0,0,0,1,0,0
0.774580598732694,0.708881938678582,0.607613213917839,0.1537844634927622,0,0,0,0,0,0,0,0,0,1,0
0.4000891945719172,0.5808611756509449,0.2331218097570622,0.025763700465125133,0,0,0.12802076302763707,0.3744914041607768,0,0,0,0,0,0,1
0.3240586304269013,0.565895393623108,0.4330640765883771,0.606659011365277,0,0,0.2267267573562837,0.5976807603180617,1,0,0,0,0,0,0
0,0,0.4330640765883771,0.606659011365277,0.565895393623108,0.3240586304269013,0.7926221509793917,0.921739390744963,0,1,0,0,0,0,0
0.9307176417921783,0.9989594702114851,0,0,0,0,0.8333857687215607,1.0307448369064387,0,0,1,0,0,0,0
0.3240586304269013,0.565895393623108,0,0,0.4330640765883771,0.606659011365277,0.2267267573562837,0.5976807603180617,0,0,0,1,0,0,0
0.3240586304269013,0.565895393623108,1.0307448369064387,0.8333857687215607,0.2267267573562837,0.5976807603180617,0.4534535147125674,1.1953615206361234,0,0,0,0,1,0,0
0.921739390744963,0.7926221509793917,1.0307448369064387,0.8333857687215607,0,0,0,0,0,0,0,0,0,1,0
0.3240586304269013,0.565895393623108,0.4330640765883771,0.606659011365277,0,0,0.2267267573562837,0.5976807603180617,0,0,0,0,0,0,1
0.9796814161850484,0.06492658940929978,0.2007928303550071,0.8056234804210058,0,0,0.1895417816669958,0.0073263882917226075,1,0,0,0,0,0,0
0,0,0.2007928303550071,0.8056234804210058,0.06492658940929978,0.9796814161850484,0.2544683710762956,0.9870078044767711,0,1,0,0,0,0,0
1.7853048966060543,0.2657194197643069,0,0,0,0,0.9951652620880016,0.20811921864672972,0,0,1,0,0,0,0
0.9796814161850484,0.06492658940929978,0,0,0.2007928303550071,0.8056234804210058,0.1895417816669958,0.0073263882917226075,0,0,0,1,0,0,0
0.9796814161850484,0.06492658940929978,0.20811921864672972,0.9951652620880016,0.1895417816669958,0.0073263882917226075,0.3790835633339916,0.014652776583445215,0,0,0,0,1,0,0
0.9870078044767711,0.2544683710762956,0.20811921864672972,0.9951652620880016,0,0,0,0,0,0,0,0,0,1,0
0.9796814161850484,0.06492658940929978,0.2007928303550071,0.8056234804210058,0,0,0.1895417816669958,0.0073263882917226075,0,0,0,0,0,0,1
0.00583020417349685,0.5163931868513992,0.11418924837044986,0.5942454565294427,0,0,0.3157944509208773,0.1929631990269204,1,0,0,0,0,0,0
0,0,0.11418924837044986,0.5942454565294427,0.5163931868513992,0.00583020417349685,0.8321876377722766,0.19879340320041727,0,1,0,0,0,0,0
0.6000756607029396,0.6305824352218491,0,0,0,0,0.91003990745032,0.30715244739737024,0,0,1,0,0,0,0
0.00583020417349685,0.5163931868513992,0,0,0.11418924837044986,0.5942454565294427,0.3157944509208773,0.1929631990269204,0,0,0,1,0,0,0
0.00583020417349685,0.5163931868513992,0.30715244739737024,0.91003990745032,0.3157944509208773,0.1929631990269204,0.6315889018417546,0.3859263980538408,0,0,0,0,1,0,0
0.19879340320041727,0.8321876377722766,0.30715244739737024,0.91003990745032,0,0,0,0,0,0,0,0,0,1,0
0.00583020417349685,0.5163931868513992,0.11418924837044986,0.5942454565294427,0,0,0.3157944509208773,0.1929631990269204,0,0,0,0,0,0,1
0.08776502405612648,0.037237743880777385,0.1830310107940346,0.7036477958535448,0,0,0.2191908063495545,0.04835963705070394,1,0,0,0,0,0,0
0,0,0.1830310107940346,0.7036477958535448,0.037237743880777385,0.08776502405612648,0.2564285502303319,0.1361246611068304,0,1,0,0,0,0,0
0.7914128199096713,0.220268754674812,0,0,0,0,0.9228386022030992,0.23139064784473856,0,0,1,0,0,0,0
0.08776502405612648,0.037237743880777385,0,0,0.1830310107940346,0.7036477958535448,0.2191908063495545,0.04835963705070394,0,0,0,1,0,0,0
0.08776502405612648,0.037237743880777385,0.23139064784473856,0.9228386022030992,0.2191908063495545,0.04835963705070394,0.438381612699109,0.09671927410140788,0,0,0,0,1,0,0
0.1361246611068304,0.2564285502303319,0.23139064784473856,0.9228386022030992,0,0,0,0,0,0,0,0,0,1,0
0.08776502405612648,0.037237743880777385,0.1830310107940346,0.7036477958535448,0,0,0.2191908063495545,0.04835963705070394,0,0,0,0,0,0,1
0.19053590564977735,0.3405403054343372,0.3780926820246834,0.39526510599200637,0,0,0.4066663435682074,0.75654372328956,1,0,0,0,0,0,0
0,0,0.3780926820246834,0.39526510599200637,0.3405403054343372,0.19053590564977735,0.7472066490025446,0.9470796289393373,0,1,0,0,0,0,0
0.5858010116417838,0.7186329874590206,0,0,0,0,0.8019314495602138,1.1346364053142435,0,0,1,0,0,0,0
0.19053590564977735,0.3405403054343372,0,0,0.3780926820246834,0.39526510599200637,0.4066663435682074,0.75654372328956,0,0,0,1,0,0,0
0.19053590564977735,0.3405403054343372,1.1346364053142435,0.8019314495602138,0.4066663435682074,0.75654372328956,0.8133326871364148,1.51308744657912,0,0,0,0,1,0,0
0.9470796289393373,0.7472066490025446,1.1346364053142435,0.8019314495602138,0,0,0,0,0,0,0,0,0,1,0
0.19053590564977735,0.3405403054343372,0.3780926820246834,0.39526510599200637,0,0,0.4066663435682074,0.75654372328956,0,0,0,0,0,0,1
0.4269979939842352,0.5652171567152916,0.037631412787920815,0.12615282339790068,0,0,0.24626459466378692,0.06149778422095831,1,0,0,0,0,0,0
0,0,0.037631412787920815,0.12615282339790068,0.5652171567152916,0.4269979939842352,0.8114817513790785,0.4884957782051935,0,1,0,0,0,0,0
0.5531508173821359,0.6028485695032124,0,0,0,0,0.3724174180616876,0.09912919700887912,0,0,1,0,0,0,0
0.4269979939842352,0.5652171567152916,0,0,0.037631412787920815,0.12615282339790068,0.24626459466378692,0.06149778422095831,0,0,0,1,0,0,0
0.4269979939842352,0.5652171567152916,0.09912919700887912,0.3724174180616876,0.24626459466378692,0.06149778422095831,0.49252918932757384,0.12299556844191661,0,0,0,0,1,0,0
0.4884957782051935,0.8114817513790785,0.09912919700887912,0.3724174180616876,0,0,0,0,0,0,0,0,0,1,0
0.4269979939842352,0.5652171567152916,0.037631412787920815,0.12615282339790068,0,0,0.24626459466378692,0.06149778422095831,0,0,0,0,0,0,1
0.03553482465486983,0.4963202488235876,0.1879309840489901,0.03404521361316012,0,0,0.05653866041141257,0.06360926418660735,1,0,0,0,0,0,0
0,0,0.1879309840489901,0.03404521361316012,0.4963202488235876,0.03553482465486983,0.5528589092350001,0.09914408884147718,0,1,0,0,0,0,0
0.06958003826802994,0.6842512328725777,0,0,0,0,0.09058387402457269,0.25154024823559745,0,0,1,0,0,0,0
0.03553482465486983,0.4963202488235876,0,0,0.1879309840489901,0.03404521361316012,0.05653866041141257,0.06360926418660735,0,0,0,1,0,0,0
0.03553482465486983,0.4963202488235876,0.25154024823559745,0.09058387402457269,0.05653866041141257,0.06360926418660735,0.11307732082282514,0.1272185283732147,0,0,0,0,1,0,0
0.09914408884147718,0.5528589092350001,0.25154024823559745,0.09058387402457269,0,0,0,0,0,0,0,0,0,1,0
0.03553482465486983,0.4963202488235876,0.1879309840489901,0.03404521361316012,0,0,0.05653866041141257,0.06360926418660735,0,0,0,0,0,0,1
0.4680948009931975,0.42304671451290926,0.5257137359132698,0.06791611908430094,0,0,0.012991416427041833,0.22206641585243742,1,0,0,0,0,0,0
0,0,0.5257137359132698,0.06791611908430094,0.42304671451290926,0.4680948009931975,0.4360381309399511,0.6901612168456349,0,1,0,0,0,0,0
0.5360109200774984,0.9487604504261791,0,0,0,0,0.08090753551134278,0.7477801517657072,0,0,1,0,0,0,0
0.4680948009931975,0.42304671451290926,0,0,0.5257137359132698,0.06791611908430094,0.012991416427041833,0.22206641585243742,0,0,0,1,0,0,0
0.4680948009931975,0.42304671451290926,0.7477801517657072,0.08090753551134278,0.012991416427041833,0.22206641585243742,0.025982832854083666,0.44413283170487483,0,0,0,0,1,0,0
0.6901612168456349,0.4360381309399511,0.7477801517657072,0.08090753551134278,0,0,0,0,0,0,0,0,0,1,0
0.4680948009931975,0.42304671451290926,0.5257137359132698,0.06791611908430094,0,0,0.012991416427041833,0.22206641585243742,0,0,0,0,0,0,1
0.1240102160326366,0.09434245927943036,0.2011049421193371,0.06667700783936005,0,0,0.005381742278115478,0.24536927644182296,1,0,0,0,0,0,0
0,0,0.2011049421193371,0.06667700783936005,0.09434245927943036,0.1240102160326366,0.09972420155754584,0.36937949247445956,0,1,0,0,0,0,0
0.19068722387199666,0.29544740139876746,0,0,0,0,0.07205875011747553,0.4464742185611601,0,0,1,0,0,0,0
0.1240102160326366,0.09434245927943036,0,0,0.2011049421193371,0.06667700783936005,0.005381742278115478,0.24536927644182296,0,0,0,1,0,0,0
0.1240102160326366,0.09434245927943036,0.4464742185611601,0.07205875011747553,0.005381742278115478,0.24536927644182296,0.010763484556230956,0.49073855288364593,0,0,0,0,1,0,0
0.36937949247445956,0.09972420155754584,0.4464742185611601,0.07205875011747553,0,0,0,0,0,0,0,0,0,1,0
0.1240102160326366,0.09434245927943036,0.2011049421193371,0.06667700783936005,0,0,0.005381742278115478,0.24536927644182296,0,0,0,0,0,0,1
0.03910065964168428,0.1570948497819053,0.730915071952678,0.13348353861693973,0,0,0.41552088721432145,0.02148418715277369,1,0,0,0,0,0,0
0,0,0.730915071952678,0.13348353861693973,0.1570948497819053,0.03910065964168428,0.5726157369962268,0.06058484679445797,0,1,0,0,0,0,0
0.172584198258624,0.8880099217345834,0,0,0,0,0.5490044258312612,0.7523992591054517,0,0,1,0,0,0,0
0.03910065964168428,0.1570948497819053,0,0,0.730915071952678,0.13348353861693973,0.41552088721432145,0.02148418715277369,0,0,0,1,0,0,0
0.03910065964168428,0.1570948497819053,0.7523992591054517,0.5490044258312612,0.41552088721432145,0.02148418715277369,0.8310417744286429,0.04296837430554738,0,0,0,0,1,0,0
0.06058484679445797,0.5726157369962268,0.7523992591054517,0.5490044258312612,0,0,0,0,0,0,0,0,0,1,0
0.03910065964168428,0.1570948497819053,0.730915071952678,0.13348353861693973,0,0,0.41552088721432145,0.02148418715277369,0,0,0,0,0,0,1
0.915514327892947,0.6247139619354378,0.12852160090743825,0.013810560236378944,0,0,0.9704544237444035,0.025329978392259145,1,0,0,0,0,0,0
0,0,0.12852160090743825,0.013810560236378944,0.6247139619354378,0.915514327892947,1.5951683856798413,0.9408443062852061,0,1,0,0,0,0,0
0.9293248881293259,0.7532355628428761,0,0,0,0,0.9842649839807824,0.1538515792996974,0,0,1,0,0,0,0
0.915514327892947,0.6247139619354378,0,0,0.12852160090743825,0.013810560236378944,0.9704544237444035,0.025329978392259145,0,0,0,1,0,0,0
0.915514327892947,0.6247139619354378,0.1538515792996974,0.9842649839807824,0.9704544237444035,0.025329978392259145,1.940908847488807,0.05065995678451829,0,0,0,0,1,0,0
0.9408443062852061,1.5951683856798413,0.1538515792996974,0.9842649839807824,0,0,0,0,0,0,0,0,0,1,0
0.915514327892947,0.6247139619354378,0.12852160090743825,0.013810560236378944,0,0,0.9704544237444035,0.025329978392259145,0,0,0,0,0,0,1
0.8134757815038468,0.08414949138305801,0.49998832808932353,0.5936973130390314,0,0,0.24858185746835484,0.09691238955280657,1,0,0,0,0,0,0
0,0,0.49998832808932353,0.5936973130390314,0.08414949138305801,0.8134757815038468,0.33273134885141287,0.9103881710566534,0,1,0,0,0,0,0
1.4071730945428782,0.5841378194723815,0,0,0,0,0.8422791705073862,0.5969007176421302,0,0,1,0,0,0,0
0.8134757815038468,0.08414949138305801,0,0,0.49998832808932353,0.5936973130390314,0.24858185746835484,0.09691238955280657,0,0,0,1,0,0,0
0.8134757815038468,0.08414949138305801,0.5969007176421302,0.8422791705073862,0.24858185746835484,0.09691238955280657,0.4971637149367097,0.19382477910561313,0,0,0,0,1,0,0
0.9103881710566534,0.33273134885141287,0.5969007176421302,0.8422791705073862,0,0,0,0,0,0,0,0,0,1,0
0.8134757815038468,0.08414949138305801,0.49998832808932353,0.5936973130390314,0,0,0.24858185746835484,0.09691238955280657,0,0,0,0,0,0,1
0.04568136270813719,0.05136392725505825,0.0036151065716055544,0.43302042500038107,0,0,0.5303411195523611,0.3341716502986707,1,0,0,0,0,0,0
0,0,0.0036151065716055544,0.43302042500038107,0.05136392725505825,0.04568136270813719,0.5817050468074193,0.37985301300680785,0,1,0,0,0,0,0
0.47870178770851823,0.0549790338266638,0,0,0,0,0.9633615445527421,0.33778675687027626,0,0,1,0,0,0,0
0.04568136270813719,0.05136392725505825,0,0,0.0036151065716055544,0.43302042500038107,0.5303411195523611,0.3341716502986707,0,0,0,1,0,0,0
0.04568136270813719,0.05136392725505825,0.33778675687027626,0.9633615445527421,0.5303411195523611,0.3341716502986707,1.0606822391047221,0.6683433005973414,0,0,0,0,1,0,0
0.37985301300680785,0.5817050468074193,0.33778675687027626,0.9633615445527421,0,0,0,0,0,0,0,0,0,1,0
0.04568136270813719,0.05136392725505825,0.0036151065716055544,0.43302042500038107,0,0,0.5303411195523611,0.3341716502986707,0,0,0,0,0,0,1
0.43973639520274416,0.10773214422855339,0.634454182439028,0.026443180724100956,0,0,0.0858517287433343,0.341921854377035,1,0,0,0,0,0,0
0,0,0.634454182439028,0.026443180724100956,0.10773214422855339,0.43973639520274416,0.19358387297188767,0.7816582495797791,0,1,0,0,0,0,0
0.4661795759268451,0.7421863266675813,0,0,0,0,0.11229490946743526,0.976376036816063,0,0,1,0,0,0,0
0.43973639520274416,0.10773214422855339,0,0,0.634454182439028,0.026443180724100956,0.0858517287433343,0.341921854377035,0,0,0,1,0,0,0
0.43973639520274416,0.10773214422855339,0.976376036816063,0.11229490946743526,0.0858517287433343,0.341921854377035,0.1717034574866686,0.68384370875407,0,0,0,0,1,0,0
0.7816582495797791,0.19358387297188767,0.976376036816063,0.11229490946743526,0,0,0,0,0,0,0,0,0,1,0
0.43973639520274416,0.10773214422855339,0.634454182439028,0.026443180724100956,0,0,0.0858517287433343,0.341921854377035,0,0,0,0,0,0,1
0.2323377282679579,0.04033324620750741,0.051558779700906866,0.2780952772894597,0,0,0.007092338306135784,0.32738392112224773,1,0,0,0,0,0,0
0,0,0.051558779700906866,0.2780952772894597,0.04033324620750741,0.2323377282679579,0.0474255845136432,0.5597216493902056,0,1,0,0,0,0,0
0.5104330055574176,0.09189202590841428,0,0,0,0,0.28518761559559547,0.3789427008231546,0,0,1,0,0,0,0
0.2323377282679579,0.04033324620750741,0,0,0.051558779700906866,0.2780952772894597,0.007092338306135784,0.32738392112224773,0,0,0,1,0,0,0
0.2323377282679579,0.04033324620750741,0.3789427008231546,0.28518761559559547,0.007092338306135784,0.32738392112224773,0.014184676612271569,0.6547678422444955,0,0,0,0,1,0,0
0.5597216493902056,0.0474255845136432,0.3789427008231546,0.28518761559559547,0,0,0,0,0,0,0,0,0,1,0
0.2323377282679579,0.04033324620750741,0.051558779700906866,0.2780952772894597,0,0,0.007092338306135784,0.32738392112224773,0,0,0,0,0,0,1
0.7759116867095663,0.0076020025613362215,0.20018231590132465,0.02705579071418324,0,0,0.02465076226633361,0.0284410264793169,1,0,0,0,0,0,0
0,0,0.20018231590132465,0.02705579071418324,0.0076020025613362215,0.7759116867095663,0.03225276482766983,0.8043527131888832,0,1,0,0,0,0,0
0.8029674774237496,0.20778431846266088,0,0,0,0,0.05170655298051685,0.22862334238064155,0,0,1,0,0,0,0
0.7759116867095663,0.0076020025613362215,0,0,0.20018231590132465,0.02705579071418324,0.02465076226633361,0.0284410264793169,0,0,0,1,0,0,0
0.7759116867095663,0.0076020025613362215,0.22862334238064155,0.05170655298051685,0.02465076226633361,0.0284410264793169,0.04930152453266722,0.0568820529586338,0,0,0,0,1,0,0
0.8043527131888832,0.03225276482766983,0.22862334238064155,0.05170655298051685,0,0,0,0,0,0,0,0,0,1,0
0.7759116867095663,0.0076020025613362215,0.20018231590132465,0.02705579071418324,0,0,0.02465076226633361,0.0284410264793169,0,0,0,0,0,0,1
0.3281919929766101,0.16380971770060962,0.016753893247404145,0.055788589508655506,0,0,0.34693767919320884,0.001380331249200284,1,0,0,0,0,0,0
0,0,0.016753893247404145,0.055788589508655506,0.16380971770060962,0.3281919929766101,0.5107473968938184,0.3295723242258104,0,1,0,0,0,0,0
0.3839805824852656,0.18056361094801376,0,0,0,0,0.40272626870186434,0.01813422449660443,0,0,1,0,0,0,0
0.3281919929766101,0.16380971770060962,0,0,0.016753893247404145,0.055788589508655506,0.34693767919320884,0.001380331249200284,0,0,0,1,0,0,0
0.3281919929766101,0.16380971770060962,0.01813422449660443,0.40272626870186434,0.34693767919320884,0.001380331249200284,0.6938753583864177,0.002760662498400568,0,0,0,0,1,0,0
0.3295723242258104,0.5107473968938184,0.01813422449660443,0.40272626870186434,0,0,0,0,0,0,0,0,0,1,0
0.3281919929766101,0.16380971770060962,0.016753893247404145,0.055788589508655506,0,0,0.34693767919320884,0.001380331249200284,0,0,0,0,0,0,1
0.8358130079136549,0.07777667539094606,0.2592878477703571,0.05190736136768581,0,0,0.3615082673874719,0.004543319878115626,1,0,0,0,0,0,0
0,0,0.2592878477703571,0.05190736136768581,0.07777667539094606,0.8358130079136549,0.43928494277841795,0.8403563277917705,0,1,0,0,0,0,0
0.8877203692813407,0.3370645231613032,0,0,0,0,0.4134156287551577,0.26383116764847275,0,0,1,0,0,0,0
0.8358130079136549,0.07777667539094606,0,0,0.2592878477703571,0.05190736136768581,0.3615082673874719,0.004543319878115626,0,0,0,1,0,0,0
0.8358130079136549,0.07777667539094606,0.26383116764847275,0.4134156287551577,0.3615082673874719,0.004543319878115626,0.7230165347749438,0.009086639756231252,0,0,0,0,1,0,0
0.8403563277917705,0.43928494277841795,0.26383116764847275,0.4134156287551577,0,0,0,0,0,0,0,0,0,1,0
0.8358130079136549,0.07777667539094606,0.2592878477703571,0.05190736136768581,0,0,0.3615082673874719,0.004543319878115626,0,0,0,0,0,0,1
0.4698862179506464,0.32862319001169216,0.24380947441862588,0.42942942986806415,0,0,0.4220221287587224,0.21476321970178253,1,0,0,0,0,0,0
0,0,0.24380947441862588,0.42942942986806415,0.32862319001169216,0.4698862179506464,0.7506453187704145,0.6846494376524289,0,1,0,0,0,0,0
0.8993156478187105,0.572432664430318,0,0,0,0,0.8514515586267866,0.4585726941204084,0,0,1,0,0,0,0
0.4698862179506464,0.32862319001169216,0,0,0.24380947441862588,0.42942942986806415,0.4220221287587224,0.21476321970178253,0,0,0,1,0,0,0
0.4698862179506464,0.32862319001169216,0.4585726941204084,0.8514515586267866,0.4220221287587224,0.21476321970178253,0.8440442575174448,0.42952643940356505,0,0,0,0,1,0,0
0.6846494376524289,0.7506453187704145,0.4585726941204084,0.8514515586267866,0,0,0,0,0,0,0,0,0,1,0
0.4698862179506464,0.32862319001169216,0.24380947441862588,0.42942942986806415,0,0,0.4220221287587224,0.21476321970178253,0,0,0,0,0,0,1
0.040491303199103004,0.5056760753906132,0.010165086315132799,0.8759632906377827,0,0,0.015137270024748116,0.1349646370682489,1,0,0,0,0,0,0
0,0,0.010165086315132799,0.8759632906377827,0.5056760753906132,0.040491303199103004,0.5208133454153613,0.1754559402673519,0,1,0,0,0,0,0
0.9164545938368857,0.515841161705746,0,0,0,0,0.8911005606625307,0.1451297233833817,0,0,1,0,0,0,0
0.040491303199103004,0.5056760753906132,0,0,0.010165086315132799,0.8759632906377827,0.015137270024748116,0.1349646370682489,0,0,0,1,0,0,0
0.040491303199103004,0.5056760753906132,0.1451297233833817,0.8911005606625307,0.015137270024748116,0.1349646370682489,0.030274540049496233,0.2699292741364978,0,0,0,0,1,0,0
0.1754559402673519,0.5208133454153613,0.1451297233833817,0.8911005606625307,0,0,0,0,0,0,0,0,0,1,0
0.040491303199103004,0.5056760753906132,0.010165086315132799,0.8759632906377827,0,0,0.015137270024748116,0.1349646370682489,0,0,0,0,0,0,1
0.5410283929841219,0.17523206244399167,0.08612988531462465,0.007420004717643473,0,0,0.004098672363328178,0.23376374198756744,1,0,0,0,0,0,0
0,0,0.08612988531462465,0.007420004717643473,0.17523206244399167,0.5410283929841219,0.17933073480731984,0.7747921349716893,0,1,0,0,0,0,0
0.5484483977017653,0.2613619477586163,0,0,0,0,0.011518677080971651,0.31989362730219206,0,0,1,0,0,0,0
0.5410283929841219,0.17523206244399167,0,0,0.08612988531462465,0.007420004717643473,0.004098672363328178,0.23376374198756744,0,0,0,1,0,0,0
0.5410283929841219,0.17523206244399167,0.31989362730219206,0.011518677080971651,0.004098672363328178,0.23376374198756744,0.008197344726656355,0.4675274839751349,0,0,0,0,1,0,0
0.7747921349716893,0.17933073480731984,0.31989362730219206,0.011518677080971651,0,0,0,0,0,0,0,0,0,1,0
0.5410283929841219,0.17523206244399167,0.08612988531462465,0.007420004717643473,0,0,0.004098672363328178,0.23376374198756744,0,0,0,0,0,0,1
0.35431807439176927,0.28631426480784133,0.3356925574078851,0.02168483319289601,0,0,0.011646519644734659,0.09944042977954243,1,0,0,0,0,0,0
0,0,0.3356925574078851,0.02168483319289601,0.28631426480784133,0.35431807439176927,0.297960784452576,0.4537585041713117,0,1,0,0,0,0,0
0.37600290758466526,0.6220068222157265,0,0,0,0,0.03333135283763067,0.43513298718742754,0,0,1,0,0,0,0
0.35431807439176927,0.28631426480784133,0,0,0.3356925574078851,0.02168483319289601,0.011646519644734659,0.09944042977954243,0,0,0,1,0,0,0
0.35431807439176927,0.28631426480784133,0.43513298718742754,0.03333135283763067,0.011646519644734659,0.09944042977954243,0.023293039289469318,0.19888085955908485,0,0,0,0,1,0,0
0.4537585041713117,0.297960784452576,0.43513298718742754,0.03333135283763067,0,0,0,0,0,0,0,0,0,1,0
0.35431807439176927,0.28631426480784133,0.3356925574078851,0.02168483319289601,0,0,0.011646519644734659,0.09944042977954243,0,0,0,0,0,0,1
0.16782379361197805,0.12808342952594529,0.6746744921193519,0.0014647949825460638,0,0,0.24334929190400087,0.30807320647371383,1,0,0,0,0,0,0
0,0,0.6746744921193519,0.0014647949825460638,0.12808342952594529,0.16782379361197805,0.37143272142994616,0.4758970000856919,0,1,0,0,0,0,0
0.16928858859452411,0.8027579216452972,0,0,0,0,0.24481408688654693,0.9827476985930658,0,0,1,0,0,0,0
0.16782379361197805,0.12808342952594529,0,0,0.6746744921193519,0.0014647949825460638,0.24334929190400087,0.30807320647371383,0,0,0,1,0,0,0
0.16782379361197805,0.12808342952594529,0.9827476985930658,0.24481408688654693,0.24334929190400087,0.30807320647371383,0.48669858380800174,0.6161464129474277,0,0,0,0,1,0,0
0.4758970000856919,0.37143272142994616,0.9827476985930658,0.24481408688654693,0,0,0,0,0,0,0,0,0,1,0
0.16782379361197805,0.12808342952594529,0.6746744921193519,0.0014647949825460638,0,0,0.24334929190400087,0.30807320647371383,0,0,0,0,0,0,1
0.3592917650782703,0.02127940590140106,0.1514933387569435,0.495291913697409,0,0,0.24543513030287004,0.5104145085914298,1,0,0,0,0,0,0
0,0,0.1514933387569435,0.495291913697409,0.02127940590140106,0.3592917650782703,0.2667145362042711,0.8697062736697001,0,1,0,0,0,0,0
0.8545836787756793,0.17277274465834458,0,0,0,0,0.740727044000279,0.6619078473483733,0,0,1,0,0,0,0
0.3592917650782703,0.02127940590140106,0,0,0.1514933387569435,0.495291913697409,0.24543513030287004,0.5104145085914298,0,0,0,1,0,0,0
0.3592917650782703,0.02127940590140106,0.6619078473483733,0.740727044000279,0.24543513030287004,0.5104145085914298,0.49087026060574007,1.0208290171828596,0,0,0,0,1,0,0
0.8697062736697001,0.2667145362042711,0.6619078473483733,0.740727044000279,0,0,0,0,0,0,0,0,0,1,0
0.3592917650782703,0.02127940590140106,0.1514933387569435,0.495291913697409,0,0,0.24543513030287004,0.5104145085914298,0,0,0,0,0,0,1
0.7458839218122573,0.06420471812002954,0.004504370860912321,0.8108720075184518,0,0,0.09133470569546533,0.21340842428799467,1,0,0,0,0,0,0
0,0,0.004504370860912321,0.8108720075184518,0.06420471812002954,0.7458839218122573,0.15553942381549485,0.9592923461002519,0,1,0,0,0,0,0
1.5567559293307092,0.06870908898094186,0,0,0,0,0.9022067132139171,0.217912795148907,0,0,1,0,0,0,0
0.7458839218122573,0.06420471812002954,0,0,0.004504370860912321,0.8108720075184518,0.09133470569546533,0.21340842428799467,0,0,0,1,0,0,0
0.7458839218122573,0.06420471812002954,0.217912795148907,0.9022067132139171,0.09133470569546533,0.21340842428799467,0.18266941139093065,0.42681684857598934,0,0,0,0,1,0,0
0.9592923461002519,0.15553942381549485,0.217912795148907,0.9022067132139171,0,0,0,0,0,0,0,0,0,1,0
0.7458839218122573,0.06420471812002954,0.004504370860912321,0.8108720075184518,0,0,0.09133470569546533,0.21340842428799467,0,0,0,0,0,0,1
0.0732086099867159,0.2430676909620964,0.017794015256557827,0.3804901471874725,0,0,0.42248483618965776,0.052318224281090744,1,0,0,0,0,0,0
0,0,0.017794015256557827,0.3804901471874725,0.2430676909620964,0.0732086099867159,0.6655525271517542,0.12552683426780664,0,1,0,0,0,0,0
0.4536987571741884,0.26086170621865423,0,0,0,0,0.8029749833771302,0.07011223953764857,0,0,1,0,0,0,0
0.0732086099867159,0.2430676909620964,0,0,0.017794015256557827,0.3804901471874725,0.42248483618965776,0.052318224281090744,0,0,0,1,0,0,0
0.0732086099867159,0.2430676909620964,0.07011223953764857,0.8029749833771302,0.42248483618965776,0.052318224281090744,0.8449696723793155,0.10463644856218149,0,0,0,0,1,0,0
0.12552683426780664,0.6655525271517542,0.07011223953764857,0.8029749833771302,0,0,0,0,0,0,0,0,0,1,0
0.0732086099867159,0.2430676909620964,0.017794015256557827,0.3804901471874725,0,0,0.42248483618965776,0.052318224281090744,0,0,0,0,0,0,1
0.2794412876149867,0.5370077176346363,0.4279473865140774,0.19547660608469308,0,0,0.17904629244683756,0.03365847537290084,1,0,0,0,0,0,0
0,0,0.4279473865140774,0.19547660608469308,0.5370077176346363,0.2794412876149867,0.7160540100814738,0.31309976298788755,0,1,0,0,0,0,0
0.4749178936996798,0.9649551041487137,0,0,0,0,0.37452289853153065,0.4616058618869782,0,0,1,0,0,0,0
0.2794412876149867,0.5370077176346363,0,0,0.4279473865140774,0.19547660608469308,0.17904629244683756,0.03365847537290084,0,0,0,1,0,0,0
0.2794412876149867,0.5370077176346363,0.4616058618869782,0.37452289853153065,0.17904629244683756,0.03365847537290084,0.3580925848936751,0.06731695074580168,0,0,0,0,1,0,0
0.31309976298788755,0.7160540100814738,0.4616058618869782,0.37452289853153065,0,0,0,0,0,0,0,0,0,1,0
0.2794412876149867,0.5370077176346363,0.4279473865140774,0.19547660608469308,0,0,0.17904629244683756,0.03365847537290084,0,0,0,0,0,0,1
0.0927677919932598,0.5978846561031022,0.02649554692814582,0.2864189250531392,0,0,0.4352878431877886,0.07724573106258348,1,0,0,0,0,0,0
0,0,0.02649554692814582,0.2864189250531392,0.5978846561031022,0.0927677919932598,1.0331724992908908,0.17001352305584327,0,1,0,0,0,0,0
0.379186717046399,0.624380203031248,0,0,0,0,0.7217067682409278,0.1037412779907293,0,0,1,0,0,0,0
0.0927677919932598,0.5978846561031022,0,0,0.02649554692814582,0.2864189250531392,0.4352878431877886,0.07724573106258348,0,0,0,1,0,0,0
0.0927677919932598,0.5978846561031022,0.1037412779907293,0.7217067682409278,0.4352878431877886,0.07724573106258348,0.8705756863755773,0.15449146212516696,0,0,0,0,1,0,0
0.17001352305584327,1.0331724992908908,0.1037412779907293,0.7217067682409278,0,0,0,0,0,0,0,0,0,1,0
0.0927677919932598,0.5978846561031022,0.02649554692814582,0.2864189250531392,0,0,0.4352878431877886,0.07724573106258348,0,0,0,0,0,0,1
0.6186581097542945,0.9315888315427554,0.04661772071761061,0.0428716017389178,0,0,0.636887151643085,0.052197368648422504,1,0,0,0,0,0,0
0,0,0.04661772071761061,0.0428716017389178,0.9315888315427554,0.6186581097542945,1.5684759831858404,0.670855478402717,0,1,0,0,0,0,0
0.6615297114932123,0.978206552260366,0,0,0,0,0.6797587533820028,0.09881508936603312,0,0,1,0,0,0,0
0.6186581097542945,0.9315888315427554,0,0,0.04661772071761061,0.0428716017389178,0.636887151643085,0.052197368648422504,0,0,0,1,0,0,0
0.6186581097542945,0.9315888315427554,0.09881508936603312,0.6797587533820028,0.636887151643085,0.052197368648422504,1.27377430328617,0.10439473729684501,0,0,0,0,1,0,0
0.670855478402717,1.5684759831858404,0.09881508936603312,0.6797587533820028,0,0,0,0,0,0,0,0,0,1,0
0.6186581097542945,0.9315888315427554,0.04661772071761061,0.0428716017389178,0,0,0.636887151643085,0.052197368648422504,0,0,0,0,0,0,1
0.1028890210741083,0.07724726098222467,0.13082398872132117,0.21826665840288756,0,0,0.010097993677106799,0.6128947762699346,1,0,0,0,0,0,0
0,0,0.13082398872132117,0.21826665840288756,0.07724726098222467,0.1028890210741083,0.08734525465933148,0.7157837973440428,0,1,0,0,0,0,0
0.32115567947699586,0.20807124970354585,0,0,0,0,0.22836465207999435,0.7437187649912558,0,0,1,0,0,0,0
0.1028890210741083,0.07724726098222467,0,0,0.13082398872132117,0.21826665840288756,0.010097993677106799,0.6128947762699346,0,0,0,1,0,0,0
0.1028890210741083,0.07724726098222467,0.7437187649912558,0.22836465207999435,0.010097993677106799,0.6128947762699346,0.020195987354213598,1.2257895525398692,0,0,0,0,1,0,0
0.7157837973440428,0.08734525465933148,0.7437187649912558,0.22836465207999435,0,0,0,0,0,0,0,0,0,1,0
0.1028890210741083,0.07724726098222467,0.13082398872132117,0.21826665840288756,0,0,0.010097993677106799,0.6128947762699346,0,0,0,0,0,0,1
0.14554227845699613,0.0699328066774717,0.007739557273366504,0.01650917487057825,0,0,0.06906181411876809,0.07142764787683481,1,0,0,0,0,0,0
0,0,0.007739557273366504,0.01650917487057825,0.0699328066774717,0.14554227845699613,0.1389946207962398,0.21696992633383094,0,1,0,0,0,0,0
0.16205145332757437,0.07767236395083821,0,0,0,0,0.08557098898934634,0.07916720515020131,0,0,1,0,0,0,0
0.14554227845699613,0.0699328066774717,0,0,0.007739557273366504,0.01650917487057825,0.06906181411876809,0.07142764787683481,0,0,0,1,0,0,0
0.14554227845699613,0.0699328066774717,0.07916720515020131,0.08557098898934634,0.06906181411876809,0.07142764787683481,0.13812362823753618,0.14285529575366962,0,0,0,0,1,0,0
0.21696992633383094,0.1389946207962398,0.07916720515020131,0.08557098898934634,0,0,0,0,0,0,0,0,0,1,0
0.14554227845699613,0.0699328066774717,0.007739557273366504,0.01650917487057825,0,0,0.06906181411876809,0.07142764787683481,0,0,0,0,0,0,1
0.2653648902689795,0.2724043075146221,0.4480120701804525,0.041176166061290306,0,0,0.01387986842667695,0.018740986706990703,1,0,0,0,0,0,0
0,0,0.4480120701804525,0.041176166061290306,0.2724043075146221,0.2653648902689795,0.286284175941299,0.28410587697597023,0,1,0,0,0,0,0
0.30654105633026985,0.7204163776950746,0,0,0,0,0.055056034487967254,0.46675305688744323,0,0,1,0,0,0,0
0.2653648902689795,0.2724043075146221,0,0,0.4480120701804525,0.041176166061290306,0.01387986842667695,0.018740986706990703,0,0,0,1,0,0,0
0.2653648902689795,0.2724043075146221,0.46675305688744323,0.055056034487967254,0.01387986842667695,0.018740986706990703,0.0277597368533539,0.037481973413981406,0,0,0,0,1,0,0
0.28410587697597023,0.286284175941299,0.46675305688744323,0.055056034487967254,0,0,0,0,0,0,0,0,0,1,0
0.2653648902689795,0.2724043075146221,0.4480120701804525,0.041176166061290306,0,0,0.01387986842667695,0.018740986706990703,0,0,0,0,0,0,1
0.14030457246432224,0.8918458379238426,0.06051967833174099,0.04960506295767575,0,0,0.6281097320310567,0.07271331351116198,1,0,0,0,0,0,0
0,0,0.06051967833174099,0.04960506295767575,0.8918458379238426,0.14030457246432224,1.5199555699548992,0.2130178859754842,0,1,0,0,0,0,0
0.18990963542199799,0.9523655162555836,0,0,0,0,0.6777147949887324,0.13323299184290296,0,0,1,0,0,0,0
0.14030457246432224,0.8918458379238426,0,0,0.06051967833174099,0.04960506295767575,0.6281097320310567,0.07271331351116198,0,0,0,1,0,0,0
0.14030457246432224,0.8918458379238426,0.13323299184290296,0.6777147949887324,0.6281097320310567,0.07271331351116198,1.2562194640621134,0.14542662702232395,0,0,0,0,1,0,0
0.2130178859754842,1.5199555699548992,0.13323299184290296,0.6777147949887324,0,0,0,0,0,0,0,0,0,1,0
0.14030457246432224,0.8918458379238426,0.06051967833174099,0.04960506295767575,0,0,0.6281097320310567,0.07271331351116198,0,0,0,0,0,0,1
0.12944073185678648,0.868953790497653,0.08884592636827815,0.16680040730369583,0,0,0.48577935664940397,0.34041695039570063,1,0,0,0,0,0,0
0,0,0.08884592636827815,0.16680040730369583,0.868953790497653,0.12944073185678648,1.354733147147057,0.46985768225248714,0,1,0,0,0,0,0
0.29624113916048234,0.9577997168659311,0,0,0,0,0.6525797639530998,0.4292628767639788,0,0,1,0,0,0,0
0.12944073185678648,0.868953790497653,0,0,0.08884592636827815,0.16680040730369583,0.48577935664940397,0.34041695039570063,0,0,0,1,0,0,0
0.12944073185678648,0.868953790497653,0.4292628767639788,0.6525797639530998,0.48577935664940397,0.34041695039570063,0.9715587132988079,0.6808339007914013,0,0,0,0,1,0,0
0.46985768225248714,1.354733147147057,0.4292628767639788,0.6525797639530998,0,0,0,0,0,0,0,0,0,1,0
0.12944073185678648,0.868953790497653,0.08884592636827815,0.16680040730369583,0,0,0.48577935664940397,0.34041695039570063,0,0,0,0,0,0,1
0.34842072756391335,0.49135493233636435,0.041108667363710716,0.023584928777452094,0,0,0.08676698705718834,0.11244446008455095,1,0,0,0,0,0,0
0,0,0.041108667363710716,0.023584928777452094,0.49135493233636435,0.34842072756391335,0.5781219193935527,0.4608651876484643,0,1,0,0,0,0,0
0.37200565634136545,0.5324635997000751,0,0,0,0,0.11035191583464043,0.15355312744826166,0,0,1,0,0,0,0
0.34842072756391335,0.49135493233636435,0,0,0.041108667363710716,0.023584928777452094,0.08676698705718834,0.11244446008455095,0,0,0,1,0,0,0
0.34842072756391335,0.49135493233636435,0.15355312744826166,0.11035191583464043,0.08676698705718834,0.11244446008455095,0.17353397411437668,0.2248889201691019,0,0,0,0,1,0,0
0.4608651876484643,0.5781219193935527,0.15355312744826166,0.11035191583464043,0,0,0,0,0,0,0,0,0,1,0
0.34842072756391335,0.49135493233636435,0.041108667363710716,0.023584928777452094,0,0,0.08676698705718834,0.11244446008455095,0,0,0,0,0,0,1
0.08817827332000483,0.14155480207096657,0.3335335271663218,0.06758759718547369,0,0,0.7051768111879448,0.2323456196275,1,0,0,0,0,0,0
0,0,0.3335335271663218,0.06758759718547369,0.14155480207096657,0.08817827332000483,0.8467316132589114,0.32052389294750483,0,1,0,0,0,0,0
0.15576587050547852,0.4750883292372884,0,0,0,0,0.7727644083734185,0.5658791467938218,0,0,1,0,0,0,0
0.08817827332000483,0.14155480207096657,0,0,0.3335335271663218,0.06758759718547369,0.7051768111879448,0.2323456196275,0,0,0,1,0,0,0
0.08817827332000483,0.14155480207096657,0.5658791467938218,0.7727644083734185,0.7051768111879448,0.2323456196275,1.4103536223758897,0.464691239255,0,0,0,0,1,0,0
0.32052389294750483,0.8467316132589114,0.5658791467938218,0.7727644083734185,0,0,0,0,0,0,0,0,0,1,0
0.08817827332000483,0.14155480207096657,0.3335335271663218,0.06758759718547369,0,0,0.7051768111879448,0.2323456196275,0,0,0,0,0,0,1
0.37420784775683597,0.728375688548036,0.08077683264026292,0.04496051688714605,0,0,0.03710134263175594,0.32984012619857633,1,0,0,0,0,0,0
0,0,0.08077683264026292,0.04496051688714605,0.728375688548036,0.37420784775683597,0.7654770311797919,0.7040479739554123,0,1,0,0,0,0,0
0.419168364643982,0.809152521188299,0,0,0,0,0.08206185951890199,0.41061695883883925,0,0,1,0,0,0,0
0.37420784775683597,0.728375688548036,0,0,0.08077683264026292,0.04496051688714605,0.03710134263175594,0.32984012619857633,0,0,0,1,0,0,0
0.37420784775683597,0.728375688548036,0.41061695883883925,0.08206185951890199,0.03710134263175594,0.32984012619857633,0.07420268526351188,0.6596802523971527,0,0,0,0,1,0,0
0.7040479739554123,0.7654770311797919,0.41061695883883925,0.08206185951890199,0,0,0,0,0,0,0,0,0,1,0
0.37420784775683597,0.728375688548036,0.08077683264026292,0.04496051688714605,0,0,0.03710134263175594,0.32984012619857633,0,0,0,0,0,0,1
0.0525478736905058,0.013383895600515656,0.12483785803431337,0.26045722787030334,0,0,0.2008205371414997,0.45570485519727094,1,0,0,0,0,0,0
0,0,0.12483785803431337,0.26045722787030334,0.013383895600515656,0.0525478736905058,0.21420443274201534,0.5082527288877767,0,1,0,0,0,0,0
0.31300510156080913,0.13822175363482903,0,0,0,0,0.46127776501180306,0.5805427132315844,0,0,1,0,0,0,0
0.0525478736905058,0.013383895600515656,0,0,0.12483785803431337,0.26045722787030334,0.2008205371414997,0.45570485519727094,0,0,0,1,0,0,0
0.0525478736905058,0.013383895600515656,0.5805427132315844,0.46127776501180306,0.2008205371414997,0.45570485519727094,0.4016410742829994,0.9114097103945419,0,0,0,0,1,0,0
0.5082527288877767,0.21420443274201534,0.5805427132315844,0.46127776501180306,0,0,0,0,0,0,0,0,0,1,0
0.0525478736905058,0.013383895600515656,0.12483785803431337,0.26045722787030334,0,0,0.2008205371414997,0.45570485519727094,0,0,0,0,0,0,1
0.15979336327408997,0.0221105990135514,0.12098940071980845,0.00546990496497142,0,0,0.08608645116481255,0.5408418496986744,1,0,0,0,0,0,0
0,0,0.12098940071980845,0.00546990496497142,0.0221105990135514,0.15979336327408997,0.10819705017836395,0.7006352129727644,0,1,0,0,0,0,0
0.1652632682390614,0.14309999973335985,0,0,0,0,0.09155635612978397,0.6618312504184829,0,0,1,0,0,0,0
0.15979336327408997,0.0221105990135514,0,0,0.12098940071980845,0.00546990496497142,0.08608645116481255,0.5408418496986744,0,0,0,1,0,0,0
0.15979336327408997,0.0221105990135514,0.6618312504184829,0.09155635612978397,0.08608645116481255,0.5408418496986744,0.1721729023296251,1.0816836993973489,0,0,0,0,1,0,0
0.7006352129727644,0.10819705017836395,0.6618312504184829,0.09155635612978397,0,0,0,0,0,0,0,0,0,1,0
0.15979336327408997,0.0221105990135514,0.12098940071980845,0.00546990496497142,0,0,0.08608645116481255,0.5408418496986744,0,0,0,0,0,0,1
0.4213320120016908,0.2247939504332794,0.20664473308149225,0.2929350907348211,0,0,0.3749021142187186,0.45834957979620217,1,0,0,0,0,0,0
0,0,0.20664473308149225,0.2929350907348211,0.2247939504332794,0.4213320120016908,0.599696064651998,0.879681591797893,0,1,0,0,0,0,0
0.714267102736512,0.43143868351477166,0,0,0,0,0.6678372049535397,0.6649943128776944,0,0,1,0,0,0,0
0.4213320120016908,0.2247939504332794,0,0,0.20664473308149225,0.2929350907348211,0.3749021142187186,0.45834957979620217,0,0,0,1,0,0,0
0.4213320120016908,0.2247939504332794,0.6649943128776944,0.6678372049535397,0.3749021142187186,0.45834957979620217,0.7498042284374372,0.9166991595924043,0,0,0,0,1,0,0
0.879681591797893,0.599696064651998,0.6649943128776944,0.6678372049535397,0,0,0,0,0,0,0,0,0,1,0
0.4213320120016908,0.2247939504332794,0.20664473308149225,0.2929350907348211,0,0,0.3749021142187186,0.45834957979620217,0,0,0,0,0,0,1
0.03668381441132244,0.05126678604075034,0.10160175185850258,0.04075840188282226,0,0,0.4869029075924621,0.04944210517089428,1,0,0,0,0,0,0
0,0,0.10160175185850258,0.04075840188282226,0.05126678604075034,0.03668381441132244,0.5381696936332124,0.08612591958221671,0,1,0,0,0,0,0
0.07744221629414469,0.15286853789925292,0,0,0,0,0.5276613094752843,0.15104385702939685,0,0,1,0,0,0,0
0.03668381441132244,0.05126678604075034,0,0,0.10160175185850258,0.04075840188282226,0.4869029075924621,0.04944210517089428,0,0,0,1,0,0,0
0.03668381441132244,0.05126678604075034,0.15104385702939685,0.5276613094752843,0.4869029075924621,0.04944210517089428,0.9738058151849242,0.09888421034178856,0,0,0,0,1,0,0
0.08612591958221671,0.5381696936332124,0.15104385702939685,0.5276613094752843,0,0,0,0,0,0,0,0,0,1,0
0.03668381441132244,0.05126678604075034,0.10160175185850258,0.04075840188282226,0,0,0.4869029075924621,0.04944210517089428,0,0,0,0,0,0,1
0.0680295552776563,0.16067802482780266,0.5459596712751903,0.2890005640518302,0,0,0.44946241889150634,0.8834899757579782,1,0,0,0,0,0,0
0,0,0.5459596712751903,0.2890005640518302,0.16067802482780266,0.0680295552776563,0.610140443719309,0.9515195310356345,0,1,0,0,0,0,0
0.35703011932948653,0.706637696102993,0,0,0,0,0.7384629829433366,1.4294496470331683,0,0,1,0,0,0,0
0.0680295552776563,0.16067802482780266,0,0,0.5459596712751903,0.2890005640518302,0.44946241889150634,0.8834899757579782,0,0,0,1,0,0,0
0.0680295552776563,0.16067802482780266,1.4294496470331683,0.7384629829433366,0.44946241889150634,0.8834899757579782,0.8989248377830127,1.7669799515159563,0,0,0,0,1,0,0
0.9515195310356345,0.610140443719309,1.4294496470331683,0.7384629829433366,0,0,0,0,0,0,0,0,0,1,0
0.0680295552776563,0.16067802482780266,0.5459596712751903,0.2890005640518302,0,0,0.44946241889150634,0.8834899757579782,0,0,0,0,0,0,1
0.024354787711850092,0.012125475937126472,0.35036156565071125,0.019287216270133578,0,0,0.41573113802301714,0.12004679040838659,1,0,0,0,0,0,0
0,0,0.35036156565071125,0.019287216270133578,0.012125475937126472,0.024354787711850092,0.42785661396014363,0.14440157812023668,0,1,0,0,0,0,0
0.043642003981983674,0.36248704158783773,0,0,0,0,0.4350183542931507,0.4704083560590978,0,0,1,0,0,0,0
0.024354787711850092,0.012125475937126472,0,0,0.35036156565071125,0.019287216270133578,0.41573113802301714,0.12004679040838659,0,0,0,1,0,0,0
0.024354787711850092,0.012125475937126472,0.4704083560590978,0.4350183542931507,0.41573113802301714,0.12004679040838659,0.8314622760460343,0.24009358081677318,0,0,0,0,1,0,0
0.14440157812023668,0.42785661396014363,0.4704083560590978,0.4350183542931507,0,0,0,0,0,0,0,0,0,1,0
0.024354787711850092,0.012125475937126472,0.35036156565071125,0.019287216270133578,0,0,0.41573113802301714,0.12004679040838659,0,0,0,0,0,0,1
0.3578747057369344,0.27310963354956247,0.2742489051681554,0.1667973912045072,0,0,0.594394149380857,0.11383789780038683,1,0,0,0,0,0,0
0,0,0.2742489051681554,0.1667973912045072,0.27310963354956247,0.3578747057369344,0.8675037829304195,0.47171260353732125,0,1,0,0,0,0,0
0.5246720969414416,0.5473585387177179,0,0,0,0,0.7611915405853642,0.38808680296854225,0,0,1,0,0,0,0
0.3578747057369344,0.27310963354956247,0,0,0.2742489051681554,0.1667973912045072,0.594394149380857,0.11383789780038683,0,0,0,1,0,0,0
0.3578747057369344,0.27310963354956247,0.38808680296854225,0.7611915405853642,0.594394149380857,0.11383789780038683,1.188788298761714,0.22767579560077367,0,0,0,0,1,0,0
0.47171260353732125,0.8675037829304195,0.38808680296854225,0.7611915405853642,0,0,0,0,0,0,0,0,0,1,0
0.3578747057369344,0.27310963354956247,0.2742489051681554,0.1667973912045072,0,0,0.594394149380857,0.11383789780038683,0,0,0,0,0,0,1
0.11726534186006683,0.04735969165733216,0.1797803902324931,0.17074434901568053,0,0,0.07219690238620151,0.0022577011707669986,1,0,0,0,0,0,0
0,0,0.1797803902324931,0.17074434901568053,0.04735969165733216,0.11726534186006683,0.11955659404353366,0.11952304303083383,0,1,0,0,0,0,0
0.28800969087574735,0.22714008188982526,0,0,0,0,0.24294125140188205,0.1820380914032601,0,0,1,0,0,0,0
0.11726534186006683,0.04735969165733216,0,0,0.1797803902324931,0.17074434901568053,0.07219690238620151,0.0022577011707669986,0,0,0,1,0,0,0
0.11726534186006683,0.04735969165733216,0.1820380914032601,0.24294125140188205,0.07219690238620151,0.0022577011707669986,0.14439380477240302,0.004515402341533997,0,0,0,0,1,0,0
0.11952304303083383,0.11955659404353366,0.1820380914032601,0.24294125140188205,0,0,0,0,0,0,0,0,0,1,0
0.11726534186006683,0.04735969165733216,0.1797803902324931,0.17074434901568053,0,0,0.07219690238620151,0.0022577011707669986,0,0,0,0,0,0,1
0.5807469301036374,0.5566970159739162,0.33777760826438186,0.6608531072715742,0,0,0.02195681907343132,0.05458187772403911,1,0,0,0,0,0,0
0,0,0.33777760826438186,0.6608531072715742,0.5566970159739162,0.5807469301036374,0.5786538350473475,0.6353288078276765,0,1,0,0,0,0,0
1.2416000373752116,0.894474624238298,0,0,0,0,0.6828099263450055,0.39235948598842096,0,0,1,0,0,0,0
0.5807469301036374,0.5566970159739162,0,0,0.33777760826438186,0.6608531072715742,0.02195681907343132,0.05458187772403911,0,0,0,1,0,0,0
0.5807469301036374,0.5566970159739162,0.39235948598842096,0.6828099263450055,0.02195681907343132,0.05458187772403911,0.04391363814686264,0.10916375544807821,0,0,0,0,1,0,0
0.6353288078276765,0.5786538350473475,0.39235948598842096,0.6828099263450055,0,0,0,0,0,0,0,0,0,1,0
0.5807469301036374,0.5566970159739162,0.33777760826438186,0.6608531072715742,0,0,0.02195681907343132,0.05458187772403911,0,0,0,0,0,0,1
0.24140632052304153,0.06487991590394278,0.8900137659828927,0.4762691207713789,0,0,0.17133826944785907,0.58609382068517,1,0,0,0,0,0,0
0,0,0.8900137659828927,0.4762691207713789,0.06487991590394278,0.24140632052304153,0.23621818535180183,0.8275001412082116,0,1,0,0,0,0,0
0.7176754412944204,0.9548936818868355,0,0,0,0,0.647607390219238,1.4761075866680629,0,0,1,0,0,0,0
0.24140632052304153,0.06487991590394278,0,0,0.8900137659828927,0.4762691207713789,0.17133826944785907,0.58609382068517,0,0,0,1,0,0,0
0.24140632052304153,0.06487991590394278,1.4761075866680629,0.647607390219238,0.17133826944785907,0.58609382068517,0.34267653889571814,1.17218764137034,0,0,0,0,1,0,0
0.8275001412082116,0.23621818535180183,1.4761075866680629,0.647607390219238,0,0,0,0,0,0,0,0,0,1,0
0.24140632052304153,0.06487991590394278,0.8900137659828927,0.4762691207713789,0,0,0.17133826944785907,0.58609382068517,0,0,0,0,0,0,1
0.056170988925919735,0.09166311894708283,0.6584605896085706,0.3427658691014761,0,0,0.42517118101848195,0.18798375936493775,1,0,0,0,0,0,0
0,0,0.6584605896085706,0.3427658691014761,0.09166311894708283,0.056170988925919735,0.5168342999655647,0.24415474829085748,0,1,0,0,0,0,0
0.39893685802739587,0.7501237085556534,0,0,0,0,0.767937050119958,0.8464443489735083,0,0,1,0,0,0,0
0.056170988925919735,0.09166311894708283,0,0,0.6584605896085706,0.3427658691014761,0.42517118101848195,0.18798375936493775,0,0,0,1,0,0,0
0.056170988925919735,0.09166311894708283,0.8464443489735083,0.767937050119958,0.42517118101848195,0.18798375936493775,0.8503423620369639,0.3759675187298755,0,0,0,0,1,0,0
0.24415474829085748,0.5168342999655647,0.8464443489735083,0.767937050119958,0,0,0,0,0,0,0,0,0,1,0
0.056170988925919735,0.09166311894708283,0.6584605896085706,0.3427658691014761,0,0,0.42517118101848195,0.18798375936493775,0,0,0,0,0,0,1
0.10087556790425321,0.479124454861068,0.4743004763018821,0.31251417432033035,0,0,0.11237170004588426,0.10240537645397542,1,0,0,0,0,0,0
0,0,0.4743004763018821,0.31251417432033035,0.479124454861068,0.10087556790425321,0.5914961549069523,0.20328094435822863,0,1,0,0,0,0,0
0.4133897422245836,0.9534249311629501,0,0,0,0,0.4248858743662146,0.5767058527558575,0,0,1,0,0,0,0
0.10087556790425321,0.479124454861068,0,0,0.4743004763018821,0.31251417432033035,0.11237170004588426,0.10240537645397542,0,0,0,1,0,0,0
0.10087556790425321,0.479124454861068,0.5767058527558575,0.4248858743662146,0.11237170004588426,0.10240537645397542,0.22474340009176852,0.20481075290795084,0,0,0,0,1,0,0
0.20328094435822863,0.5914961549069523,0.5767058527558575,0.4248858743662146,0,0,0,0,0,0,0,0,0,1,0
0.10087556790425321,0.479124454861068,0.4743004763018821,0.31251417432033035,0,0,0.11237170004588426,0.10240537645397542,0,0,0,0,0,0,1
0.28217466446909445,0.46196103185903037,0.46739376831120216,0.3814512819942373,0,0,0.34448538733686784,0.02780434184668812,1,0,0,0,0,0,0
0,0,0.46739376831120216,0.3814512819942373,0.46196103185903037,0.28217466446909445,0.8064464191958982,0.30997900631578257,0,1,0,0,0,0,0
0.6636259464633317,0.9293548001702325,0,0,0,0,0.7259366693311051,0.4951981101578903,0,0,1,0,0,0,0
0.28217466446909445,0.46196103185903037,0,0,0.46739376831120216,0.3814512819942373,0.34448538733686784,0.02780434184668812,0,0,0,1,0,0,0
0.28217466446909445,0.46196103185903037,0.4951981101578903,0.7259366693311051,0.34448538733686784,0.02780434184668812,0.6889707746737357,0.05560868369337624,0,0,0,0,1,0,0
0.30997900631578257,0.8064464191958982,0.4951981101578903,0.7259366693311051,0,0,0,0,0,0,0,0,0,1,0
0.28217466446909445,0.46196103185903037,0.46739376831120216,0.3814512819942373,0,0,0.34448538733686784,0.02780434184668812,0,0,0,0,0,0,1
0.0669331572412126,0.1148587577637196,0.8104454452815015,0.05826566474466793,0,0,0.4922687499949943,0.3521939934656948,1,0,0,0,0,0,0
0,0,0.8104454452815015,0.05826566474466793,0.1148587577637196,0.0669331572412126,0.6071275077587139,0.4191271507069074,0,1,0,0,0,0,0
0.12519882198588053,0.9253042030452211,0,0,0,0,0.5505344147396622,1.1626394387471963,0,0,1,0,0,0,0
0.0669331572412126,0.1148587577637196,0,0,0.8104454452815015,0.05826566474466793,0.4922687499949943,0.3521939934656948,0,0,0,1,0,0,0
0.0669331572412126,0.1148587577637196,1.1626394387471963,0.5505344147396622,0.4922687499949943,0.3521939934656948,0.9845374999899886,0.7043879869313896,0,0,0,0,1,0,0
0.4191271507069074,0.6071275077587139,1.1626394387471963,0.5505344147396622,0,0,0,0,0,0,0,0,0,1,0
0.0669331572412126,0.1148587577637196,0.8104454452815015,0.05826566474466793,0,0,0.4922687499949943,0.3521939934656948,0,0,0,0,0,0,1
0.18403190047393936,0.09870932927365282,0.3633181658773216,0.002990619456869431,0,0,0.21584090669702824,0.32660491138027825,1,0,0,0,0,0,0
0,0,0.3633181658773216,0.002990619456869431,0.09870932927365282,0.18403190047393936,0.31455023597068105,0.5106368118542176,0,1,0,0,0,0,0
0.1870225199308088,0.4620274951509744,0,0,0,0,0.21883152615389767,0.6899230772575998,0,0,1,0,0,0,0
0.18403190047393936,0.09870932927365282,0,0,0.3633181658773216,0.002990619456869431,0.21584090669702824,0.32660491138027825,0,0,0,1,0,0,0
0.18403190047393936,0.09870932927365282,0.6899230772575998,0.21883152615389767,0.21584090669702824,0.32660491138027825,0.4316818133940565,0.6532098227605565,0,0,0,0,1,0,0
0.5106368118542176,0.31455023597068105,0.6899230772575998,0.21883152615389767,0,0,0,0,0,0,0,0,0,1,0
0.18403190047393936,0.09870932927365282,0.3633181658773216,0.002990619456869431,0,0,0.21584090669702824,0.32660491138027825,0,0,0,0,0,0,1
