CtoD,DtoC,EtoA,AtoE,semmi,AB,BC,CD,DE,EA,CE
0.8089483273247361,0.05907494185584472,0.8550166866305554,0.18865882040843437,1,0,0,0,0,0,0
0.8089483273247361,0.05907494185584472,1.0202932189256981,0.41787913115512676,0,1,0,0,0,0,0
0,0,0.9140916284864001,0.9976071477331705,0,0,1,0,0,0,0
0,0,0.8550166866305554,0.18865882040843437,0,0,0,1,0,0,0
0.9976071477331705,0.9140916284864001,1.7100333732611108,0.37731764081686875,0,0,0,0,1,0,0
0.9976071477331705,0.9140916284864001,0,0,0,0,0,0,0,1,0
0.8089483273247361,0.05907494185584472,0.8550166866305554,0.18865882040843437,0,0,0,0,0,0,1
0.37124031328023366,0.5963046706664852,0.12640449773350512,0.5361791931738991,1,0,0,0,0,0,0
0.37124031328023366,0.5963046706664852,0.5659017058098231,0.8549380365835977,0,1,0,0,0,0,0
0,0,0.7227091683999903,0.9074195064541327,0,0,1,0,0,0,0
0,0,0.12640449773350512,0.5361791931738991,0,0,0,1,0,0,0
0.9074195064541327,0.7227091683999903,0.25280899546701024,1.0723583863477981,0,0,0,0,1,0,0
0.9074195064541327,0.7227091683999903,0,0,0,0,0,0,0,1,0
0.37124031328023366,0.5963046706664852,0.12640449773350512,0.5361791931738991,0,0,0,0,0,0,1
0.08045623452811518,0.043609791205391046,0.4218598714326203,0.5695868591717318,1,0,0,0,0,0,0
0.08045623452811518,0.043609791205391046,0.6532372474338686,0.608570069114896,0,1,0,0,0,0,0
0,0,0.46546966263801137,0.6500430936998469,0,0,1,0,0,0,0
0,0,0.4218598714326203,0.5695868591717318,0,0,0,1,0,0,0
0.6500430936998469,0.46546966263801137,0.8437197428652407,1.1391737183434636,0,0,0,0,1,0,0
0.6500430936998469,0.46546966263801137,0,0,0,0,0,0,0,1,0
0.08045623452811518,0.043609791205391046,0.4218598714326203,0.5695868591717318,0,0,0,0,0,0,1
0.24549268351206072,0.20609227169954653,0.02851378295241931,0.6045323425831929,1,0,0,0,0,0,0
0.24549268351206072,0.20609227169954653,0.46232147503684073,0.7628739389342974,0,1,0,0,0,0,0
0,0,0.23460605465196582,0.8500250260952535,0,0,1,0,0,0,0
0,0,0.02851378295241931,0.6045323425831929,0,0,0,1,0,0,0
0.8500250260952535,0.23460605465196582,0.05702756590483862,1.2090646851663858,0,0,0,0,1,0,0
0.8500250260952535,0.23460605465196582,0,0,0,0,0,0,0,1,0
0.24549268351206072,0.20609227169954653,0.02851378295241931,0.6045323425831929,0,0,0,0,0,0,1
0.01882918066781436,0.14030533672506415,0.13551034869922465,0.2910647252044183,1,0,0,0,0,0,0
0.01882918066781436,0.14030533672506415,0.8319782866745353,0.9201190464869768,0,1,0,0,0,0,0
0,0,0.2758156854242888,0.30989390587223264,0,0,1,0,0,0,0
0,0,0.13551034869922465,0.2910647252044183,0,0,0,1,0,0,0
0.30989390587223264,0.2758156854242888,0.2710206973984493,0.5821294504088366,0,0,0,0,1,0,0
0.30989390587223264,0.2758156854242888,0,0,0,0,0,0,0,1,0
0.01882918066781436,0.14030533672506415,0.13551034869922465,0.2910647252044183,0,0,0,0,0,0,1
0.12028227798020272,0.5529523614895837,0.0022157958443157766,0.015424696412257216,1,0,0,0,0,0,0
0.12028227798020272,0.5529523614895837,0.04601023674561416,0.06969641952277206,0,1,0,0,0,0,0
0,0,0.5551681573338995,0.13570697439245993,0,0,1,0,0,0,0
0,0,0.0022157958443157766,0.015424696412257216,0,0,0,1,0,0,0
0.13570697439245993,0.5551681573338995,0.004431591688631553,0.030849392824514432,0,0,0,0,1,0,0
0.13570697439245993,0.5551681573338995,0,0,0,0,0,0,0,1,0
0.12028227798020272,0.5529523614895837,0.0022157958443157766,0.015424696412257216,0,0,0,0,0,0,1
0.11157232393408753,0.18895556985068296,0.2039709248789836,0.15521758628147825,1,0,0,0,0,0,0
0.11157232393408753,0.18895556985068296,0.30171396606896406,0.2800161707319905,0,1,0,0,0,0,0
0,0,0.39292649472966656,0.26678991021556575,0,0,1,0,0,0,0
0,0,0.2039709248789836,0.15521758628147825,0,0,0,1,0,0,0
0.26678991021556575,0.39292649472966656,0.4079418497579672,0.3104351725629565,0,0,0,0,1,0,0
0.26678991021556575,0.39292649472966656,0,0,0,0,0,0,0,1,0
0.11157232393408753,0.18895556985068296,0.2039709248789836,0.15521758628147825,0,0,0,0,0,0,1
0.45276928306687586,0.38904931020284733,0.41912225721708724,0.4711244832351469,1,0,0,0,0,0,0
0.45276928306687586,0.38904931020284733,0.8708590519783377,0.7967773407296868,0,1,0,0,0,0,0
0,0,0.8081715674199346,0.9238937663020228,0,0,1,0,0,0,0
0,0,0.41912225721708724,0.4711244832351469,0,0,0,1,0,0,0
0.9238937663020228,0.8081715674199346,0.8382445144341745,0.9422489664702938,0,0,0,0,1,0,0
0.9238937663020228,0.8081715674199346,0,0,0,0,0,0,0,1,0
0.45276928306687586,0.38904931020284733,0.41912225721708724,0.4711244832351469,0,0,0,0,0,0,1
0.27809312844305345,0.043991542410432294,0.49776942521035455,0.24655572532268263,1,0,0,0,0,0,0
0.27809312844305345,0.043991542410432294,1.0310320052508668,0.274032617114497,0,1,0,0,0,0,0
0,0,0.5417609676207868,0.5246488537657361,0,0,1,0,0,0,0
0,0,0.49776942521035455,0.24655572532268263,0,0,0,1,0,0,0
0.5246488537657361,0.5417609676207868,0.9955388504207091,0.49311145064536527,0,0,0,0,1,0,0
0.5246488537657361,0.5417609676207868,0,0,0,0,0,0,0,1,0
0.27809312844305345,0.043991542410432294,0.49776942521035455,0.24655572532268263,0,0,0,0,0,0,1
0.1428255475252116,0.17647063838479934,0.1179107899867902,0.10242696567070972,1,0,0,0,0,0,0
0.1428255475252116,0.17647063838479934,0.24126775358907107,0.1530149727494431,0,1,0,0,0,0,0
0,0,0.29438142837158954,0.2452525131959213,0,0,1,0,0,0,0
0,0,0.1179107899867902,0.10242696567070972,0,0,0,1,0,0,0
0.2452525131959213,0.29438142837158954,0.2358215799735804,0.20485393134141944,0,0,0,0,1,0,0
0.2452525131959213,0.29438142837158954,0,0,0,0,0,0,0,1,0
0.1428255475252116,0.17647063838479934,0.1179107899867902,0.10242696567070972,0,0,0,0,0,0,1
0.024898143515534585,0.06408486801068719,0.05030017611618671,0.2136634620359415,1,0,0,0,0,0,0
0.024898143515534585,0.06408486801068719,0.0771491402047241,0.3785475771341764,0,1,0,0,0,0,0
0,0,0.11438504412687389,0.2385616055514761,0,0,1,0,0,0,0
0,0,0.05030017611618671,0.2136634620359415,0,0,0,1,0,0,0
0.2385616055514761,0.11438504412687389,0.10060035223237342,0.427326924071883,0,0,0,0,1,0,0
0.2385616055514761,0.11438504412687389,0,0,0,0,0,0,0,1,0
0.024898143515534585,0.06408486801068719,0.05030017611618671,0.2136634620359415,0,0,0,0,0,0,1
0.11297438310169472,0.08183632703845084,0.26307719470759333,0.7096960352785344,1,0,0,0,0,0,0
0.11297438310169472,0.08183632703845084,0.8499664630707902,0.8500493906063564,0,1,0,0,0,0,0
0,0,0.34491352174604417,0.8226704183802291,0,0,1,0,0,0,0
0,0,0.26307719470759333,0.7096960352785344,0,0,0,1,0,0,0
0.8226704183802291,0.34491352174604417,0.5261543894151867,1.4193920705570688,0,0,0,0,1,0,0
0.8226704183802291,0.34491352174604417,0,0,0,0,0,0,0,1,0
0.11297438310169472,0.08183632703845084,0.26307719470759333,0.7096960352785344,0,0,0,0,0,0,1
0.2119574745021429,0.0188030177327313,0.026521158075824,0.10862420672685422,1,0,0,0,0,0,0
0.2119574745021429,0.0188030177327313,0.16269596690014762,0.26062631754729937,0,1,0,0,0,0,0
0,0,0.0453241758085553,0.3205816812289971,0,0,1,0,0,0,0
0,0,0.026521158075824,0.10862420672685422,0,0,0,1,0,0,0
0.3205816812289971,0.0453241758085553,0.053042316151648,0.21724841345370843,0,0,0,0,1,0,0
0.3205816812289971,0.0453241758085553,0,0,0,0,0,0,0,1,0
0.2119574745021429,0.0188030177327313,0.026521158075824,0.10862420672685422,0,0,0,0,0,0,1
0.0003383615735134144,0.14006327925300444,0.13026218742570417,0.03234530293316282,1,0,0,0,0,0,0
0.0003383615735134144,0.14006327925300444,0.13733898276372647,0.24989155186353618,0,1,0,0,0,0,0
0,0,0.2703254666787086,0.03268366450667623,0,0,1,0,0,0,0
0,0,0.13026218742570417,0.03234530293316282,0,0,0,1,0,0,0
0.03268366450667623,0.2703254666787086,0.26052437485140834,0.06469060586632563,0,0,0,0,1,0,0
0.03268366450667623,0.2703254666787086,0,0,0,0,0,0,0,1,0
0.0003383615735134144,0.14006327925300444,0.13026218742570417,0.03234530293316282,0,0,0,0,0,0,1
0.1144615037264341,0.0479990602040391,0.5332969597014456,0.32690915445484625,1,0,0,0,0,0,0
0.1144615037264341,0.0479990602040391,0.7778735053232431,0.5516554207871894,0,1,0,0,0,0,0
0,0,0.5812960199054847,0.44137065818128035,0,0,1,0,0,0,0
0,0,0.5332969597014456,0.32690915445484625,0,0,0,1,0,0,0
0.44137065818128035,0.5812960199054847,1.0665939194028913,0.6538183089096925,0,0,0,0,1,0,0
0.44137065818128035,0.5812960199054847,0,0,0,0,0,0,0,1,0
0.1144615037264341,0.0479990602040391,0.5332969597014456,0.32690915445484625,0,0,0,0,0,0,1
0.1286804310504585,0.028524157435458525,0.13525634620003316,0.24645664132222805,1,0,0,0,0,0,0
0.1286804310504585,0.028524157435458525,0.15079724015844928,0.6578672256189053,0,1,0,0,0,0,0
0,0,0.16378050363549168,0.37513707237268656,0,0,1,0,0,0,0
0,0,0.13525634620003316,0.24645664132222805,0,0,0,1,0,0,0
0.37513707237268656,0.16378050363549168,0.2705126924000663,0.4929132826444561,0,0,0,0,1,0,0
0.37513707237268656,0.16378050363549168,0,0,0,0,0,0,0,1,0
0.1286804310504585,0.028524157435458525,0.13525634620003316,0.24645664132222805,0,0,0,0,0,0,1
0.18850769958384328,0.6443320116284652,0.27182864574296833,0.14936135314842644,1,0,0,0,0,0,0
0.18850769958384328,0.6443320116284652,0.2895441540626637,0.15177583816815798,0,1,0,0,0,0,0
0,0,0.9161606573714336,0.33786905273226975,0,0,1,0,0,0,0
0,0,0.27182864574296833,0.14936135314842644,0,0,0,1,0,0,0
0.33786905273226975,0.9161606573714336,0.5436572914859367,0.2987227062968529,0,0,0,0,1,0,0
0.33786905273226975,0.9161606573714336,0,0,0,0,0,0,0,1,0
0.18850769958384328,0.6443320116284652,0.27182864574296833,0.14936135314842644,0,0,0,0,0,0,1
0.03197252899628966,0.1257517907505456,0.3127400725680199,0.10054263752843795,1,0,0,0,0,0,0
0.03197252899628966,0.1257517907505456,0.5485046389056123,0.5930462518091157,0,1,0,0,0,0,0
0,0,0.4384918633185655,0.1325151665247276,0,0,1,0,0,0,0
0,0,0.3127400725680199,0.10054263752843795,0,0,0,1,0,0,0
0.1325151665247276,0.4384918633185655,0.6254801451360398,0.2010852750568759,0,0,0,0,1,0,0
0.1325151665247276,0.4384918633185655,0,0,0,0,0,0,0,1,0
0.03197252899628966,0.1257517907505456,0.3127400725680199,0.10054263752843795,0,0,0,0,0,0,1
0.6167983410099281,0.11340698189187144,0.11377866112481765,0.17392471908100027,1,0,0,0,0,0,0
0.6167983410099281,0.11340698189187144,0.24188642997108273,0.7830612358913136,0,1,0,0,0,0,0
0,0,0.2271856430166891,0.7907230600909284,0,0,1,0,0,0,0
0,0,0.11377866112481765,0.17392471908100027,0,0,0,1,0,0,0
0.7907230600909284,0.2271856430166891,0.2275573222496353,0.34784943816200053,0,0,0,0,1,0,0
0.7907230600909284,0.2271856430166891,0,0,0,0,0,0,0,1,0
0.6167983410099281,0.11340698189187144,0.11377866112481765,0.17392471908100027,0,0,0,0,0,0,1
0.0017745405384125904,0.2775350593318273,0.0073417157269350854,0.6217443690975117,1,0,0,0,0,0,0
0.0017745405384125904,0.2775350593318273,0.05038520501760617,0.6793009640536622,0,1,0,0,0,0,0
0,0,0.2848767750587624,0.6235189096359244,0,0,1,0,0,0,0
0,0,0.0073417157269350854,0.6217443690975117,0,0,0,1,0,0,0
0.6235189096359244,0.2848767750587624,0.014683431453870171,1.2434887381950235,0,0,0,0,1,0,0
0.6235189096359244,0.2848767750587624,0,0,0,0,0,0,0,1,0
0.0017745405384125904,0.2775350593318273,0.0073417157269350854,0.6217443690975117,0,0,0,0,0,0,1
0.5616792170572635,0.04437011891976894,0.8606058616984832,0.033392822738518346,1,0,0,0,0,0,0
0.5616792170572635,0.04437011891976894,1.0380497929808818,0.3911669419079783,0,1,0,0,0,0,0
0,0,0.9049759806182521,0.5950720397957818,0,0,1,0,0,0,0
0,0,0.8606058616984832,0.033392822738518346,0,0,0,1,0,0,0
0.5950720397957818,0.9049759806182521,1.7212117233969664,0.06678564547703669,0,0,0,0,1,0,0
0.5950720397957818,0.9049759806182521,0,0,0,0,0,0,0,1,0
0.5616792170572635,0.04437011891976894,0.8606058616984832,0.033392822738518346,0,0,0,0,0,0,1
0.7811970235681454,0.11640335208076402,0.17899535715642345,0.08063092438243818,1,0,0,0,0,0,0
0.7811970235681454,0.11640335208076402,0.19848844735704013,0.218644643469607,0,1,0,0,0,0,0
0,0,0.2953987092371875,0.8618279479505835,0,0,1,0,0,0,0
0,0,0.17899535715642345,0.08063092438243818,0,0,0,1,0,0,0
0.8618279479505835,0.2953987092371875,0.3579907143128469,0.16126184876487637,0,0,0,0,1,0,0
0.8618279479505835,0.2953987092371875,0,0,0,0,0,0,0,1,0
0.7811970235681454,0.11640335208076402,0.17899535715642345,0.08063092438243818,0,0,0,0,0,0,1
0.06782819444298571,0.048645559656787296,0.6507014943433522,0.018377896915215908,1,0,0,0,0,0,0
0.06782819444298571,0.048645559656787296,0.9952738907531231,0.34465506377221,0,1,0,0,0,0,0
0,0,0.6993470540001395,0.08620609135820162,0,0,1,0,0,0,0
0,0,0.6507014943433522,0.018377896915215908,0,0,0,1,0,0,0
0.08620609135820162,0.6993470540001395,1.3014029886867045,0.036755793830431815,0,0,0,0,1,0,0
0.08620609135820162,0.6993470540001395,0,0,0,0,0,0,0,1,0
0.06782819444298571,0.048645559656787296,0.6507014943433522,0.018377896915215908,0,0,0,0,0,0,1
0.44617087189886695,0.2218723825930384,0.23641776153654695,0.3607142111534307,1,0,0,0,0,0,0
0.44617087189886695,0.2218723825930384,0.7601625857043329,0.4901278952934556,0,1,0,0,0,0,0
0,0,0.45829014412958535,0.8068850830522977,0,0,1,0,0,0,0
0,0,0.23641776153654695,0.3607142111534307,0,0,0,1,0,0,0
0.8068850830522977,0.45829014412958535,0.4728355230730939,0.7214284223068614,0,0,0,0,1,0,0
0.8068850830522977,0.45829014412958535,0,0,0,0,0,0,0,1,0
0.44617087189886695,0.2218723825930384,0.23641776153654695,0.3607142111534307,0,0,0,0,0,0,1
0.054288558899259654,0.004488664539093315,0.021122175629157122,0.12957674342403425,1,0,0,0,0,0,0
0.054288558899259654,0.004488664539093315,0.09428663216032178,0.8451479618455986,0,1,0,0,0,0,0
0,0,0.025610840168250437,0.1838653023232939,0,0,1,0,0,0,0
0,0,0.021122175629157122,0.12957674342403425,0,0,0,1,0,0,0
0.1838653023232939,0.025610840168250437,0.042244351258314244,0.2591534868480685,0,0,0,0,1,0,0
0.1838653023232939,0.025610840168250437,0,0,0,0,0,0,0,1,0
0.054288558899259654,0.004488664539093315,0.021122175629157122,0.12957674342403425,0,0,0,0,0,0,1
0.3810582100411028,0.5746729712005727,0.2332257549532784,0.5802575654461842,1,0,0,0,0,0,0
0.3810582100411028,0.5746729712005727,0.652573539896573,0.5809686186051275,0,1,0,0,0,0,0
0,0,0.807898726153851,0.961315775487287,0,0,1,0,0,0,0
0,0,0.2332257549532784,0.5802575654461842,0,0,0,1,0,0,0
0.961315775487287,0.807898726153851,0.4664515099065568,1.1605151308923685,0,0,0,0,1,0,0
0.961315775487287,0.807898726153851,0,0,0,0,0,0,0,1,0
0.3810582100411028,0.5746729712005727,0.2332257549532784,0.5802575654461842,0,0,0,0,0,0,1
0.5960063857694289,0.036799694489811186,0.2813430546499906,0.45175937551820927,1,0,0,0,0,0,0
0.5960063857694289,0.036799694489811186,0.4834850605545373,0.720871945984336,0,1,0,0,0,0,0
0,0,0.3181427491398018,1.047765761287638,0,0,1,0,0,0,0
0,0,0.2813430546499906,0.45175937551820927,0,0,0,1,0,0,0
1.047765761287638,0.3181427491398018,0.5626861092999812,0.9035187510364185,0,0,0,0,1,0,0
1.047765761287638,0.3181427491398018,0,0,0,0,0,0,0,1,0
0.5960063857694289,0.036799694489811186,0.2813430546499906,0.45175937551820927,0,0,0,0,0,0,1
0.18432074125711603,0.28695932730010376,0.5533978404795957,0.32494466111922893,1,0,0,0,0,0,0
0.18432074125711603,0.28695932730010376,0.5775567962552073,0.3960723323901041,0,1,0,0,0,0,0
0,0,0.8403571677796995,0.509265402376345,0,0,1,0,0,0,0
0,0,0.5533978404795957,0.32494466111922893,0,0,0,1,0,0,0
0.509265402376345,0.8403571677796995,1.1067956809591915,0.6498893222384579,0,0,0,0,1,0,0
0.509265402376345,0.8403571677796995,0,0,0,0,0,0,0,1,0
0.18432074125711603,0.28695932730010376,0.5533978404795957,0.32494466111922893,0,0,0,0,0,0,1
0.07932150508160352,0.1721491151171011,0.21048131765174458,0.23500601311627495,1,0,0,0,0,0,0
0.07932150508160352,0.1721491151171011,0.537380266560832,0.7032028334597525,0,1,0,0,0,0,0
0,0,0.3826304327688457,0.31432751819787846,0,0,1,0,0,0,0
0,0,0.21048131765174458,0.23500601311627495,0,0,0,1,0,0,0
0.31432751819787846,0.3826304327688457,0.42096263530348915,0.4700120262325499,0,0,0,0,1,0,0
0.31432751819787846,0.3826304327688457,0,0,0,0,0,0,0,1,0
0.07932150508160352,0.1721491151171011,0.21048131765174458,0.23500601311627495,0,0,0,0,0,0,1
0.04914543954848044,0.17155577948729608,0.07563719151507495,0.10088994024961401,1,0,0,0,0,0,0
0.04914543954848044,0.17155577948729608,0.456095974335314,0.46266803669721557,0,1,0,0,0,0,0
0,0,0.24719297100237103,0.15003537979809445,0,0,1,0,0,0,0
0,0,0.07563719151507495,0.10088994024961401,0,0,0,1,0,0,0
0.15003537979809445,0.24719297100237103,0.1512743830301499,0.20177988049922801,0,0,0,0,1,0,0
0.15003537979809445,0.24719297100237103,0,0,0,0,0,0,0,1,0
0.04914543954848044,0.17155577948729608,0.07563719151507495,0.10088994024961401,0,0,0,0,0,0,1
0.30053716020291227,0.03874758577007442,0.44899530353257466,0.4812785352585449,1,0,0,0,0,0,0
0.30053716020291227,0.03874758577007442,0.7181756856462562,0.7559682517709385,0,1,0,0,0,0,0
0,0,0.4877428893026491,0.7818156954614572,0,0,1,0,0,0,0
0,0,0.44899530353257466,0.4812785352585449,0,0,0,1,0,0,0
0.7818156954614572,0.4877428893026491,0.8979906070651493,0.9625570705170898,0,0,0,0,1,0,0
0.7818156954614572,0.4877428893026491,0,0,0,0,0,0,0,1,0
0.30053716020291227,0.03874758577007442,0.44899530353257466,0.4812785352585449,0,0,0,0,0,0,1
0.3837552563509309,0.07870200554381285,0.0331807463301294,0.4019154231399497,1,0,0,0,0,0,0
0.3837552563509309,0.07870200554381285,0.35234730858658075,0.6757180431042583,0,1,0,0,0,0,0
0,0,0.11188275187394225,0.7856706794908805,0,0,1,0,0,0,0
0,0,0.0331807463301294,0.4019154231399497,0,0,0,1,0,0,0
0.7856706794908805,0.11188275187394225,0.0663614926602588,0.8038308462798994,0,0,0,0,1,0,0
0.7856706794908805,0.11188275187394225,0,0,0,0,0,0,0,1,0
0.3837552563509309,0.07870200554381285,0.0331807463301294,0.4019154231399497,0,0,0,0,0,0,1
0.42111193594593066,0.4187719952643343,0.5352790464570849,0.4322208354325694,1,0,0,0,0,0,0
0.42111193594593066,0.4187719952643343,1.1026811170398965,0.6139092257677027,0,1,0,0,0,0,0
0,0,0.9540510417214192,0.8533327713785,0,0,1,0,0,0,0
0,0,0.5352790464570849,0.4322208354325694,0,0,0,1,0,0,0
0.8533327713785,0.9540510417214192,1.0705580929141698,0.8644416708651388,0,0,0,0,1,0,0
0.8533327713785,0.9540510417214192,0,0,0,0,0,0,0,1,0
0.42111193594593066,0.4187719952643343,0.5352790464570849,0.4322208354325694,0,0,0,0,0,0,1
0.04205275283856105,0.06386510307002655,0.02128139148484545,0.7606312555326553,1,0,0,0,0,0,0
0.04205275283856105,0.06386510307002655,0.2564812817422786,0.9400779201908347,0,1,0,0,0,0,0
0,0,0.085146494554872,0.8026840083712163,0,0,1,0,0,0,0
0,0,0.02128139148484545,0.7606312555326553,0,0,0,1,0,0,0
0.8026840083712163,0.085146494554872,0.0425627829696909,1.5212625110653106,0,0,0,0,1,0,0
0.8026840083712163,0.085146494554872,0,0,0,0,0,0,0,1,0
0.04205275283856105,0.06386510307002655,0.02128139148484545,0.7606312555326553,0,0,0,0,0,0,1
0.402975409363984,0.571429733344834,0.183114262648311,0.07591203586295459,1,0,0,0,0,0,0
0.402975409363984,0.571429733344834,0.6433022717537433,0.11163572171167513,0,1,0,0,0,0,0
0,0,0.754543995993145,0.4788874452269386,0,0,1,0,0,0,0
0,0,0.183114262648311,0.07591203586295459,0,0,0,1,0,0,0
0.4788874452269386,0.754543995993145,0.366228525296622,0.15182407172590917,0,0,0,0,1,0,0
0.4788874452269386,0.754543995993145,0,0,0,0,0,0,0,1,0
0.402975409363984,0.571429733344834,0.183114262648311,0.07591203586295459,0,0,0,0,0,0,1
0.5591252174185415,0.18345811737517226,0.5302840957117413,0.08412363280766298,1,0,0,0,0,0,0
0.5591252174185415,0.18345811737517226,0.8526013797867285,0.1534509034176772,0,1,0,0,0,0,0
0,0,0.7137422130869135,0.6432488502262045,0,0,1,0,0,0,0
0,0,0.5302840957117413,0.08412363280766298,0,0,0,1,0,0,0
0.6432488502262045,0.7137422130869135,1.0605681914234826,0.16824726561532596,0,0,0,0,1,0,0
0.6432488502262045,0.7137422130869135,0,0,0,0,0,0,0,1,0
0.5591252174185415,0.18345811737517226,0.5302840957117413,0.08412363280766298,0,0,0,0,0,0,1
0.3166254705687054,0.19296205957439372,0.7938207633804922,0.5597320309695403,1,0,0,0,0,0,0
0.3166254705687054,0.19296205957439372,1.0257776576385274,0.9458316513700425,0,1,0,0,0,0,0
0,0,0.986782822954886,0.8763575015382457,0,0,1,0,0,0,0
0,0,0.7938207633804922,0.5597320309695403,0,0,0,1,0,0,0
0.8763575015382457,0.986782822954886,1.5876415267609845,1.1194640619390805,0,0,0,0,1,0,0
0.8763575015382457,0.986782822954886,0,0,0,0,0,0,0,1,0
0.3166254705687054,0.19296205957439372,0.7938207633804922,0.5597320309695403,0,0,0,0,0,0,1
0.06837610822583529,0.0023858752230379032,0.9839836792982652,0.369470004000447,1,0,0,0,0,0,0
0.06837610822583529,0.0023858752230379032,1.4597009126134521,0.6721293258648396,0,1,0,0,0,0,0
0,0,0.9863695545213031,0.4378461122262823,0,0,1,0,0,0,0
0,0,0.9839836792982652,0.369470004000447,0,0,0,1,0,0,0
0.4378461122262823,0.9863695545213031,1.9679673585965305,0.738940008000894,0,0,0,0,1,0,0
0.4378461122262823,0.9863695545213031,0,0,0,0,0,0,0,1,0
0.06837610822583529,0.0023858752230379032,0.9839836792982652,0.369470004000447,0,0,0,0,0,0,1
0.19666707871387712,0.5477561210918876,0.11289361678216427,0.2542366820663498,1,0,0,0,0,0,0
0.19666707871387712,0.5477561210918876,0.22234866657820984,0.6534620763916955,0,1,0,0,0,0,0
0,0,0.6606497378740519,0.4509037607802269,0,0,1,0,0,0,0
0,0,0.11289361678216427,0.2542366820663498,0,0,0,1,0,0,0
0.4509037607802269,0.6606497378740519,0.22578723356432853,0.5084733641326996,0,0,0,0,1,0,0
0.4509037607802269,0.6606497378740519,0,0,0,0,0,0,0,1,0
0.19666707871387712,0.5477561210918876,0.11289361678216427,0.2542366820663498,0,0,0,0,0,0,1
0.617460026546046,0.6423698001431793,0.2228349169740903,0.5742626277653351,1,0,0,0,0,0,0
0.617460026546046,0.6423698001431793,0.3013536225097537,0.5907275007077207,0,1,0,0,0,0,0
0,0,0.8652047171172697,1.191722654311381,0,0,1,0,0,0,0
0,0,0.2228349169740903,0.5742626277653351,0,0,0,1,0,0,0
1.191722654311381,0.8652047171172697,0.4456698339481806,1.1485252555306702,0,0,0,0,1,0,0
1.191722654311381,0.8652047171172697,0,0,0,0,0,0,0,1,0
0.617460026546046,0.6423698001431793,0.2228349169740903,0.5742626277653351,0,0,0,0,0,0,1
0.008563978546993891,0.302529993841139,0.1721300420278842,0.1621701275098692,1,0,0,0,0,0,0
0.008563978546993891,0.302529993841139,0.2027393194118351,0.4752388335983546,0,1,0,0,0,0,0
0,0,0.47466003586902317,0.1707341060568631,0,0,1,0,0,0,0
0,0,0.1721300420278842,0.1621701275098692,0,0,0,1,0,0,0
0.1707341060568631,0.47466003586902317,0.3442600840557684,0.3243402550197384,0,0,0,0,1,0,0
0.1707341060568631,0.47466003586902317,0,0,0,0,0,0,0,1,0
0.008563978546993891,0.302529993841139,0.1721300420278842,0.1621701275098692,0,0,0,0,0,0,1
0.3944929650445405,0.4280245827745582,0.37502761013183444,0.049843614196387394,1,0,0,0,0,0,0
0.3944929650445405,0.4280245827745582,0.4057157774978062,0.09854137918272676,0,1,0,0,0,0,0
0,0,0.8030521929063926,0.4443365792409279,0,0,1,0,0,0,0
0,0,0.37502761013183444,0.049843614196387394,0,0,0,1,0,0,0
0.4443365792409279,0.8030521929063926,0.7500552202636689,0.09968722839277479,0,0,0,0,1,0,0
0.4443365792409279,0.8030521929063926,0,0,0,0,0,0,0,1,0
0.3944929650445405,0.4280245827745582,0.37502761013183444,0.049843614196387394,0,0,0,0,0,0,1
0.6607762358825798,0.00016409787091020613,0.0012216945763007256,0.0009804558287517893,1,0,0,0,0,0,0
0.6607762358825798,0.00016409787091020613,0.12921734785938777,0.005787949220270816,0,1,0,0,0,0,0
0,0,0.0013857924472109318,0.6617566917113317,0,0,1,0,0,0,0
0,0,0.0012216945763007256,0.0009804558287517893,0,0,0,1,0,0,0
0.6617566917113317,0.0013857924472109318,0.0024433891526014512,0.0019609116575035786,0,0,0,0,1,0,0
0.6617566917113317,0.0013857924472109318,0,0,0,0,0,0,0,1,0
0.6607762358825798,0.00016409787091020613,0.0012216945763007256,0.0009804558287517893,0,0,0,0,0,0,1
0.06016248052935605,0.20579174863513605,0.0018434286375351649,0.2506922670638493,1,0,0,0,0,0,0
0.06016248052935605,0.20579174863513605,0.011248449165207033,0.8165759493085635,0,1,0,0,0,0,0
0,0,0.20763517727267122,0.3108547475932053,0,0,1,0,0,0,0
0,0,0.0018434286375351649,0.2506922670638493,0,0,0,1,0,0,0
0.3108547475932053,0.20763517727267122,0.0036868572750703298,0.5013845341276986,0,0,0,0,1,0,0
0.3108547475932053,0.20763517727267122,0,0,0,0,0,0,0,1,0
0.06016248052935605,0.20579174863513605,0.0018434286375351649,0.2506922670638493,0,0,0,0,0,0,1
0.26166239726339463,0.08242165053423368,0.1073743849120251,0.22215129279258064,1,0,0,0,0,0,0
0.26166239726339463,0.08242165053423368,0.45885772378162176,0.43434307086240387,0,1,0,0,0,0,0
0,0,0.18979603544625878,0.4838136900559753,0,0,1,0,0,0,0
0,0,0.1073743849120251,0.22215129279258064,0,0,0,1,0,0,0
0.4838136900559753,0.18979603544625878,0.2147487698240502,0.4443025855851613,0,0,0,0,1,0,0
0.4838136900559753,0.18979603544625878,0,0,0,0,0,0,0,1,0
0.26166239726339463,0.08242165053423368,0.1073743849120251,0.22215129279258064,0,0,0,0,0,0,1
0.00779483821519622,0.2761313687443081,0.13814296490142464,0.5734224977076863,1,0,0,0,0,0,0
0.00779483821519622,0.2761313687443081,0.2047752829756294,0.9315029430113562,0,1,0,0,0,0,0
0,0,0.41427433364573274,0.5812173359228825,0,0,1,0,0,0,0
0,0,0.13814296490142464,0.5734224977076863,0,0,0,1,0,0,0
0.5812173359228825,0.41427433364573274,0.2762859298028493,1.1468449954153725,0,0,0,0,1,0,0
0.5812173359228825,0.41427433364573274,0,0,0,0,0,0,0,1,0
0.00779483821519622,0.2761313687443081,0.13814296490142464,0.5734224977076863,0,0,0,0,0,0,1
0.1893569105838963,0.13193826481763943,0.4527194229144231,0.05591689409357009,1,0,0,0,0,0,0
0.1893569105838963,0.13193826481763943,0.7704007489329924,0.22244848988658905,0,1,0,0,0,0,0
0,0,0.5846576877320625,0.2452738046774664,0,0,1,0,0,0,0
0,0,0.4527194229144231,0.05591689409357009,0,0,0,1,0,0,0
0.2452738046774664,0.5846576877320625,0.9054388458288462,0.11183378818714018,0,0,0,0,1,0,0
0.2452738046774664,0.5846576877320625,0,0,0,0,0,0,0,1,0
0.1893569105838963,0.13193826481763943,0.4527194229144231,0.05591689409357009,0,0,0,0,0,0,1
0.0731057796228202,0.4220265657072484,0.09627618563223574,0.5032426935405644,1,0,0,0,0,0,0
0.0731057796228202,0.4220265657072484,0.13190631861381238,0.5037948601356727,0,1,0,0,0,0,0
0,0,0.5183027513394841,0.5763484731633846,0,0,1,0,0,0,0
0,0,0.09627618563223574,0.5032426935405644,0,0,0,1,0,0,0
0.5763484731633846,0.5183027513394841,0.19255237126447147,1.0064853870811288,0,0,0,0,1,0,0
0.5763484731633846,0.5183027513394841,0,0,0,0,0,0,0,1,0
0.0731057796228202,0.4220265657072484,0.09627618563223574,0.5032426935405644,0,0,0,0,0,0,1
0.026065895948651788,0.33878144547979244,0.16802999232578547,0.10837257074457897,1,0,0,0,0,0,0
0.026065895948651788,0.33878144547979244,0.2371147267152529,0.1942998456493057,0,1,0,0,0,0,0
0,0,0.5068114378055779,0.13443846669323076,0,0,1,0,0,0,0
0,0,0.16802999232578547,0.10837257074457897,0,0,0,1,0,0,0
0.13443846669323076,0.5068114378055779,0.33605998465157094,0.21674514148915794,0,0,0,0,1,0,0
0.13443846669323076,0.5068114378055779,0,0,0,0,0,0,0,1,0
0.026065895948651788,0.33878144547979244,0.16802999232578547,0.10837257074457897,0,0,0,0,0,0,1
0.6382122244082755,0.04707041064563514,0.02752656984150078,0.6787742396534993,1,0,0,0,0,0,0
0.6382122244082755,0.04707041064563514,0.1664900848467086,0.8863600775616998,0,1,0,0,0,0,0
0,0,0.07459698048713592,1.3169864640617748,0,0,1,0,0,0,0
0,0,0.02752656984150078,0.6787742396534993,0,0,0,1,0,0,0
1.3169864640617748,0.07459698048713592,0.05505313968300156,1.3575484793069985,0,0,0,0,1,0,0
1.3169864640617748,0.07459698048713592,0,0,0,0,0,0,0,1,0
0.6382122244082755,0.04707041064563514,0.02752656984150078,0.6787742396534993,0,0,0,0,0,0,1
0.025992894904455714,0.26865495107121734,0.1054334041273492,0.8007857456049359,1,0,0,0,0,0,0
0.025992894904455714,0.26865495107121734,0.11093698453408009,0.9514055261050642,0,1,0,0,0,0,0
0,0,0.37408835519856654,0.8267786405093915,0,0,1,0,0,0,0
0,0,0.1054334041273492,0.8007857456049359,0,0,0,1,0,0,0
0.8267786405093915,0.37408835519856654,0.2108668082546984,1.6015714912098717,0,0,0,0,1,0,0
0.8267786405093915,0.37408835519856654,0,0,0,0,0,0,0,1,0
0.025992894904455714,0.26865495107121734,0.1054334041273492,0.8007857456049359,0,0,0,0,0,0,1
0.16790095257986626,0.3999141828928015,0.37082736470439653,0.23124856736440466,1,0,0,0,0,0,0
0.16790095257986626,0.3999141828928015,0.4679738828862455,0.42489279603696684,0,1,0,0,0,0,0
0,0,0.770741547597198,0.39914951994427095,0,0,1,0,0,0,0
0,0,0.37082736470439653,0.23124856736440466,0,0,0,1,0,0,0
0.39914951994427095,0.770741547597198,0.7416547294087931,0.4624971347288093,0,0,0,0,1,0,0
0.39914951994427095,0.770741547597198,0,0,0,0,0,0,0,1,0
0.16790095257986626,0.3999141828928015,0.37082736470439653,0.23124856736440466,0,0,0,0,0,0,1
0.33130751877783343,0.10770954571349423,0.8909649452011752,0.7585662065811704,1,0,0,0,0,0,0
0.33130751877783343,0.10770954571349423,1.1619767454935035,0.9369398477007757,0,1,0,0,0,0,0
0,0,0.9986744909146694,1.0898737253590038,0,0,1,0,0,0,0
0,0,0.8909649452011752,0.7585662065811704,0,0,0,1,0,0,0
1.0898737253590038,0.9986744909146694,1.7819298904023504,1.5171324131623407,0,0,0,0,1,0,0
1.0898737253590038,0.9986744909146694,0,0,0,0,0,0,0,1,0
0.33130751877783343,0.10770954571349423,0.8909649452011752,0.7585662065811704,0,0,0,0,0,0,1
0.7898498420602074,0.15068255495073152,0.14495585012617712,0.0005564009241948286,1,0,0,0,0,0,0
0.7898498420602074,0.15068255495073152,0.23579375146349013,0.014481097343250093,0,1,0,0,0,0,0
0,0,0.29563840507690864,0.7904062429844022,0,0,1,0,0,0,0
0,0,0.14495585012617712,0.0005564009241948286,0,0,0,1,0,0,0
0.7904062429844022,0.29563840507690864,0.28991170025235424,0.0011128018483896572,0,0,0,0,1,0,0
0.7904062429844022,0.29563840507690864,0,0,0,0,0,0,0,1,0
0.7898498420602074,0.15068255495073152,0.14495585012617712,0.0005564009241948286,0,0,0,0,0,0,1
0.5048531590846707,0.22542280246488422,0.20379797104956787,0.08174077662816283,1,0,0,0,0,0,0
0.5048531590846707,0.22542280246488422,0.5113492793140437,0.09947515095850734,0,1,0,0,0,0,0
0,0,0.4292207735144521,0.5865939357128335,0,0,1,0,0,0,0
0,0,0.20379797104956787,0.08174077662816283,0,0,0,1,0,0,0
0.5865939357128335,0.4292207735144521,0.40759594209913574,0.16348155325632566,0,0,0,0,1,0,0
0.5865939357128335,0.4292207735144521,0,0,0,0,0,0,0,1,0
0.5048531590846707,0.22542280246488422,0.20379797104956787,0.08174077662816283,0,0,0,0,0,0,1
0.5316276507450308,0.05586584603197886,0.5628085993298735,0.08794007150943517,1,0,0,0,0,0,0
0.5316276507450308,0.05586584603197886,0.8319961767401669,0.7772057876935117,0,1,0,0,0,0,0
0,0,0.6186744453618523,0.619567722254466,0,0,1,0,0,0,0
0,0,0.5628085993298735,0.08794007150943517,0,0,0,1,0,0,0
0.619567722254466,0.6186744453618523,1.125617198659747,0.17588014301887034,0,0,0,0,1,0,0
0.619567722254466,0.6186744453618523,0,0,0,0,0,0,0,1,0
0.5316276507450308,0.05586584603197886,0.5628085993298735,0.08794007150943517,0,0,0,0,0,0,1
0.0962795370991531,0.10775507015557959,0.050606666305406806,0.1606879698571942,1,0,0,0,0,0,0
0.0962795370991531,0.10775507015557959,0.39642779623127755,0.20795091912714292,0,1,0,0,0,0,0
0,0,0.1583617364609864,0.2569675069563473,0,0,1,0,0,0,0
0,0,0.050606666305406806,0.1606879698571942,0,0,0,1,0,0,0
0.2569675069563473,0.1583617364609864,0.10121333261081361,0.3213759397143884,0,0,0,0,1,0,0
0.2569675069563473,0.1583617364609864,0,0,0,0,0,0,0,1,0
0.0962795370991531,0.10775507015557959,0.050606666305406806,0.1606879698571942,0,0,0,0,0,0,1
0.5690749416886861,0.3407893891641244,0.05315870168234574,0.06580088334733081,1,0,0,0,0,0,0
0.5690749416886861,0.3407893891641244,0.2382540859977829,0.6815140618397968,0,1,0,0,0,0,0
0,0,0.3939480908464701,0.6348758250360169,0,0,1,0,0,0,0
0,0,0.05315870168234574,0.06580088334733081,0,0,0,1,0,0,0
0.6348758250360169,0.3939480908464701,0.10631740336469148,0.13160176669466161,0,0,0,0,1,0,0
0.6348758250360169,0.3939480908464701,0,0,0,0,0,0,0,1,0
0.5690749416886861,0.3407893891641244,0.05315870168234574,0.06580088334733081,0,0,0,0,0,0,1
0.02759401209402701,0.31754592028667533,0.1031975636543015,0.22102823348076683,1,0,0,0,0,0,0
0.02759401209402701,0.31754592028667533,0.3306088370531722,0.3328940099411608,0,1,0,0,0,0,0
0,0,0.4207434839409768,0.24862224557479384,0,0,1,0,0,0,0
0,0,0.1031975636543015,0.22102823348076683,0,0,0,1,0,0,0
0.24862224557479384,0.4207434839409768,0.206395127308603,0.44205646696153367,0,0,0,0,1,0,0
0.24862224557479384,0.4207434839409768,0,0,0,0,0,0,0,1,0
0.02759401209402701,0.31754592028667533,0.1031975636543015,0.22102823348076683,0,0,0,0,0,0,1
0.0015087391914325732,0.3726727874365265,0.04253377135104504,0.4728389716700034,1,0,0,0,0,0,0
0.0015087391914325732,0.3726727874365265,0.6669947420895085,0.8104008957732933,0,1,0,0,0,0,0
0,0,0.4152065587875715,0.47434771086143596,0,0,1,0,0,0,0
0,0,0.04253377135104504,0.4728389716700034,0,0,0,1,0,0,0
0.47434771086143596,0.4152065587875715,0.08506754270209008,0.9456779433400068,0,0,0,0,1,0,0
0.47434771086143596,0.4152065587875715,0,0,0,0,0,0,0,1,0
0.0015087391914325732,0.3726727874365265,0.04253377135104504,0.4728389716700034,0,0,0,0,0,0,1
0.16926849291276794,0.3644910885486139,0.4487359215666431,0.3394820370832674,1,0,0,0,0,0,0
0.16926849291276794,0.3644910885486139,0.6530727164743206,0.5549045653978257,0,1,0,0,0,0,0
0,0,0.813227010115257,0.5087505299960353,0,0,1,0,0,0,0
0,0,0.4487359215666431,0.3394820370832674,0,0,0,1,0,0,0
0.5087505299960353,0.813227010115257,0.8974718431332862,0.6789640741665348,0,0,0,0,1,0,0
0.5087505299960353,0.813227010115257,0,0,0,0,0,0,0,1,0
0.16926849291276794,0.3644910885486139,0.4487359215666431,0.3394820370832674,0,0,0,0,0,0,1
0.12953100015025398,0.020447354623096436,0.7514404206843223,0.12022758727536446,1,0,0,0,0,0,0
0.12953100015025398,0.020447354623096436,0.8511464215391492,0.22622519260850493,0,1,0,0,0,0,0
0,0,0.7718877753074187,0.24975858742561846,0,0,1,0,0,0,0
0,0,0.7514404206843223,0.12022758727536446,0,0,0,1,0,0,0
0.24975858742561846,0.7718877753074187,1.5028808413686445,0.24045517455072893,0,0,0,0,1,0,0
0.24975858742561846,0.7718877753074187,0,0,0,0,0,0,0,1,0
0.12953100015025398,0.020447354623096436,0.7514404206843223,0.12022758727536446,0,0,0,0,0,0,1
0.27954513426420824,0.14934845090493132,0.3830981500109406,0.030263191570336564,1,0,0,0,0,0,0
0.27954513426420824,0.14934845090493132,0.8364311883833212,0.11876387262179067,0,1,0,0,0,0,0
0,0,0.5324466009158719,0.3098083258345448,0,0,1,0,0,0,0
0,0,0.3830981500109406,0.030263191570336564,0,0,0,1,0,0,0
0.3098083258345448,0.5324466009158719,0.7661963000218812,0.06052638314067313,0,0,0,0,1,0,0
0.3098083258345448,0.5324466009158719,0,0,0,0,0,0,0,1,0
0.27954513426420824,0.14934845090493132,0.3830981500109406,0.030263191570336564,0,0,0,0,0,0,1
0.023090938236660974,0.019533873677878795,0.028570306579577757,0.6851119895193413,1,0,0,0,0,0,0
0.023090938236660974,0.019533873677878795,0.5597102915504155,0.7476062678216921,0,1,0,0,0,0,0
0,0,0.04810418025745655,0.7082029277560022,0,0,1,0,0,0,0
0,0,0.028570306579577757,0.6851119895193413,0,0,0,1,0,0,0
0.7082029277560022,0.04810418025745655,0.057140613159155515,1.3702239790386825,0,0,0,0,1,0,0
0.7082029277560022,0.04810418025745655,0,0,0,0,0,0,0,1,0
0.023090938236660974,0.019533873677878795,0.028570306579577757,0.6851119895193413,0,0,0,0,0,0,1
0.474450358633502,0.7127762275205026,0.07776661756061534,0.2081373376553018,1,0,0,0,0,0,0
0.474450358633502,0.7127762275205026,0.1004876333764818,0.45872538786725203,0,1,0,0,0,0,0
0,0,0.7905428450811179,0.6825876962888038,0,0,1,0,0,0,0
0,0,0.07776661756061534,0.2081373376553018,0,0,0,1,0,0,0
0.6825876962888038,0.7905428450811179,0.15553323512123068,0.4162746753106036,0,0,0,0,1,0,0
0.6825876962888038,0.7905428450811179,0,0,0,0,0,0,0,1,0
0.474450358633502,0.7127762275205026,0.07776661756061534,0.2081373376553018,0,0,0,0,0,0,1
0.28791759732954036,0.4431904826045485,0.5489756446841498,0.2944303707183865,1,0,0,0,0,0,0
0.28791759732954036,0.4431904826045485,1.0607386469425464,0.4305838815909122,0,1,0,0,0,0,0
0,0,0.9921661272886984,0.5823479680479269,0,0,1,0,0,0,0
0,0,0.5489756446841498,0.2944303707183865,0,0,0,1,0,0,0
0.5823479680479269,0.9921661272886984,1.0979512893682997,0.588860741436773,0,0,0,0,1,0,0
0.5823479680479269,0.9921661272886984,0,0,0,0,0,0,0,1,0
0.28791759732954036,0.4431904826045485,0.5489756446841498,0.2944303707183865,0,0,0,0,0,0,1
0.6274720390294769,0.19887717651882114,0.19234453943043245,0.02103626376904151,1,0,0,0,0,0,0
0.6274720390294769,0.19887717651882114,0.33196337252152064,0.055916590749703676,0,1,0,0,0,0,0
0,0,0.3912217159492536,0.6485083027985185,0,0,1,0,0,0,0
0,0,0.19234453943043245,0.02103626376904151,0,0,0,1,0,0,0
0.6485083027985185,0.3912217159492536,0.3846890788608649,0.04207252753808302,0,0,0,0,1,0,0
0.6485083027985185,0.3912217159492536,0,0,0,0,0,0,0,1,0
0.6274720390294769,0.19887717651882114,0.19234453943043245,0.02103626376904151,0,0,0,0,0,0,1
0.5811170102315619,0.35847326133921936,0.31135298942669026,0.22955479129927497,1,0,0,0,0,0,0
0.5811170102315619,0.35847326133921936,0.6445950676152183,0.5978515109033357,0,1,0,0,0,0,0
0,0,0.6698262507659096,0.810671801530837,0,0,1,0,0,0,0
0,0,0.31135298942669026,0.22955479129927497,0,0,0,1,0,0,0
0.810671801530837,0.6698262507659096,0.6227059788533805,0.45910958259854995,0,0,0,0,1,0,0
0.810671801530837,0.6698262507659096,0,0,0,0,0,0,0,1,0
0.5811170102315619,0.35847326133921936,0.31135298942669026,0.22955479129927497,0,0,0,0,0,0,1
0.2040162123985712,0.0014087486060516893,0.015967088260064967,0.10075509787235812,1,0,0,0,0,0,0
0.2040162123985712,0.0014087486060516893,0.41006226424469977,0.17549985078250496,0,1,0,0,0,0,0
0,0,0.017375836866116656,0.3047713102709293,0,0,1,0,0,0,0
0,0,0.015967088260064967,0.10075509787235812,0,0,0,1,0,0,0
0.3047713102709293,0.017375836866116656,0.031934176520129934,0.20151019574471624,0,0,0,0,1,0,0
0.3047713102709293,0.017375836866116656,0,0,0,0,0,0,0,1,0
0.2040162123985712,0.0014087486060516893,0.015967088260064967,0.10075509787235812,0,0,0,0,0,0,1
0.011312193702724793,0.7296492315093985,0.14036099414014377,0.15910871127546589,1,0,0,0,0,0,0
0.011312193702724793,0.7296492315093985,0.4199581716961768,0.2615303635127748,0,1,0,0,0,0,0
0,0,0.8700102256495423,0.17042090497819068,0,0,1,0,0,0,0
0,0,0.14036099414014377,0.15910871127546589,0,0,0,1,0,0,0
0.17042090497819068,0.8700102256495423,0.28072198828028755,0.31821742255093177,0,0,0,0,1,0,0
0.17042090497819068,0.8700102256495423,0,0,0,0,0,0,0,1,0
0.011312193702724793,0.7296492315093985,0.14036099414014377,0.15910871127546589,0,0,0,0,0,0,1
0.4158896653111981,0.0005592836794893752,0.1396103258451809,0.5048400069032626,1,0,0,0,0,0,0
0.4158896653111981,0.0005592836794893752,0.6410783415837711,0.9280372651995186,0,1,0,0,0,0,0
0,0,0.14016960952467028,0.9207296722144607,0,0,1,0,0,0,0
0,0,0.1396103258451809,0.5048400069032626,0,0,0,1,0,0,0
0.9207296722144607,0.14016960952467028,0.2792206516903618,1.0096800138065252,0,0,0,0,1,0,0
0.9207296722144607,0.14016960952467028,0,0,0,0,0,0,0,1,0
0.4158896653111981,0.0005592836794893752,0.1396103258451809,0.5048400069032626,0,0,0,0,0,0,1
0.346556094046656,0.14065396061123903,0.4981200836556806,0.024637801705564955,1,0,0,0,0,0,0
0.346556094046656,0.14065396061123903,1.0050860566164628,0.06660156059129974,0,1,0,0,0,0,0
0,0,0.6387740442669196,0.37119389575222095,0,0,1,0,0,0,0
0,0,0.4981200836556806,0.024637801705564955,0,0,0,1,0,0,0
0.37119389575222095,0.6387740442669196,0.9962401673113612,0.04927560341112991,0,0,0,0,1,0,0
0.37119389575222095,0.6387740442669196,0,0,0,0,0,0,0,1,0
0.346556094046656,0.14065396061123903,0.4981200836556806,0.024637801705564955,0,0,0,0,0,0,1
0.0048011180620175335,0.06334158855488359,0.3099749881518288,0.567677883078465,1,0,0,0,0,0,0
0.0048011180620175335,0.06334158855488359,0.32531069398981793,0.8885690532640638,0,1,0,0,0,0,0
0,0,0.37331657670671237,0.5724790011404826,0,0,1,0,0,0,0
0,0,0.3099749881518288,0.567677883078465,0,0,0,1,0,0,0
0.5724790011404826,0.37331657670671237,0.6199499763036576,1.13535576615693,0,0,0,0,1,0,0
0.5724790011404826,0.37331657670671237,0,0,0,0,0,0,0,1,0
0.0048011180620175335,0.06334158855488359,0.3099749881518288,0.567677883078465,0,0,0,0,0,0,1
0.2877184695549516,0.4014292369069036,0.5919541206726611,0.19265282717931093,1,0,0,0,0,0,0
0.2877184695549516,0.4014292369069036,1.0228174402094343,0.4380528314937736,0,1,0,0,0,0,0
0,0,0.9933833575795646,0.48037129673426254,0,0,1,0,0,0,0
0,0,0.5919541206726611,0.19265282717931093,0,0,0,1,0,0,0
0.48037129673426254,0.9933833575795646,1.1839082413453221,0.38530565435862185,0,0,0,0,1,0,0
0.48037129673426254,0.9933833575795646,0,0,0,0,0,0,0,1,0
0.2877184695549516,0.4014292369069036,0.5919541206726611,0.19265282717931093,0,0,0,0,0,0,1
0.0090627464571722,0.008945325860644528,3.473805560331038e-05,0.0571547394036364,1,0,0,0,0,0,0
0.0090627464571722,0.008945325860644528,0.5905655144609874,0.10645671414351232,0,1,0,0,0,0,0
0,0,0.008980063916247838,0.0662174858608086,0,0,1,0,0,0,0
0,0,3.473805560331038e-05,0.0571547394036364,0,0,0,1,0,0,0
0.0662174858608086,0.008980063916247838,6.947611120662076e-05,0.1143094788072728,0,0,0,0,1,0,0
0.0662174858608086,0.008980063916247838,0,0,0,0,0,0,0,1,0
0.0090627464571722,0.008945325860644528,3.473805560331038e-05,0.0571547394036364,0,0,0,0,0,0,1
0.48005019866251636,0.1461146549552198,0.39170838950529563,0.45923409442574287,1,0,0,0,0,0,0
0.48005019866251636,0.1461146549552198,0.7456836001312699,0.46232636141419836,0,1,0,0,0,0,0
0,0,0.5378230444605154,0.9392842930882592,0,0,1,0,0,0,0
0,0,0.39170838950529563,0.45923409442574287,0,0,0,1,0,0,0
0.9392842930882592,0.5378230444605154,0.7834167790105913,0.9184681888514857,0,0,0,0,1,0,0
0.9392842930882592,0.5378230444605154,0,0,0,0,0,0,0,1,0
0.48005019866251636,0.1461146549552198,0.39170838950529563,0.45923409442574287,0,0,0,0,0,0,1
0.16658501368915202,0.06228496220350144,0.8637449832730518,0.012153676510565696,1,0,0,0,0,0,0
0.16658501368915202,0.06228496220350144,1.1018134695308488,0.04658645681056317,0,1,0,0,0,0,0
0,0,0.9260299454765533,0.17873869019971772,0,0,1,0,0,0,0
0,0,0.8637449832730518,0.012153676510565696,0,0,0,1,0,0,0
0.17873869019971772,0.9260299454765533,1.7274899665461037,0.024307353021131392,0,0,0,0,1,0,0
0.17873869019971772,0.9260299454765533,0,0,0,0,0,0,0,1,0
0.16658501368915202,0.06228496220350144,0.8637449832730518,0.012153676510565696,0,0,0,0,0,0,1
0.19842825688570093,0.039038892406933035,0.12574942595796923,0.40600022788320156,1,0,0,0,0,0,0
0.19842825688570093,0.039038892406933035,0.6008749697544145,0.8869924436705507,0,1,0,0,0,0,0
0,0,0.16478831836490226,0.6044284847689025,0,0,1,0,0,0,0
0,0,0.12574942595796923,0.40600022788320156,0,0,0,1,0,0,0
0.6044284847689025,0.16478831836490226,0.25149885191593846,0.8120004557664031,0,0,0,0,1,0,0
0.6044284847689025,0.16478831836490226,0,0,0,0,0,0,0,1,0
0.19842825688570093,0.039038892406933035,0.12574942595796923,0.40600022788320156,0,0,0,0,0,0,1
0.02133032067107643,0.2317789058675781,0.30124224959305923,0.06429227099081064,1,0,0,0,0,0,0
0.02133032067107643,0.2317789058675781,0.6942709153955642,0.5541408576302664,0,1,0,0,0,0,0
0,0,0.5330211554606373,0.08562259166188707,0,0,1,0,0,0,0
0,0,0.30124224959305923,0.06429227099081064,0,0,0,1,0,0,0
0.08562259166188707,0.5330211554606373,0.6024844991861185,0.12858454198162128,0,0,0,0,1,0,0
0.08562259166188707,0.5330211554606373,0,0,0,0,0,0,0,1,0
0.02133032067107643,0.2317789058675781,0.30124224959305923,0.06429227099081064,0,0,0,0,0,0,1
0.04465534803588478,0.02995846565672127,0.012338879694155874,0.564410606970898,1,0,0,0,0,0,0
0.04465534803588478,0.02995846565672127,0.6751190001130644,0.5865055305477357,0,1,0,0,0,0,0
0,0,0.04229734535087715,0.6090659550067827,0,0,1,0,0,0,0
0,0,0.012338879694155874,0.564410606970898,0,0,0,1,0,0,0
0.6090659550067827,0.04229734535087715,0.024677759388311748,1.128821213941796,0,0,0,0,1,0,0
0.6090659550067827,0.04229734535087715,0,0,0,0,0,0,0,1,0
0.04465534803588478,0.02995846565672127,0.012338879694155874,0.564410606970898,0,0,0,0,0,0,1
0.036512678126407315,0.15509983574522745,0.5310875070846012,0.002114438026338388,1,0,0,0,0,0,0
0.036512678126407315,0.15509983574522745,0.5340476248911404,0.017423308882738242,0,1,0,0,0,0,0
0,0,0.6861873428298286,0.0386271161527457,0,0,1,0,0,0,0
0,0,0.5310875070846012,0.002114438026338388,0,0,0,1,0,0,0
0.0386271161527457,0.6861873428298286,1.0621750141692023,0.004228876052676776,0,0,0,0,1,0,0
0.0386271161527457,0.6861873428298286,0,0,0,0,0,0,0,1,0
0.036512678126407315,0.15509983574522745,0.5310875070846012,0.002114438026338388,0,0,0,0,0,0,1
0.553850328050004,0.4352162279933589,0.049742377216764874,0.11306912182056486,1,0,0,0,0,0,0
0.553850328050004,0.4352162279933589,0.2955850206600259,0.13050068042402507,0,1,0,0,0,0,0
0,0,0.4849586052101238,0.6669194498705688,0,0,1,0,0,0,0
0,0,0.049742377216764874,0.11306912182056486,0,0,0,1,0,0,0
0.6669194498705688,0.4849586052101238,0.09948475443352975,0.22613824364112972,0,0,0,0,1,0,0
0.6669194498705688,0.4849586052101238,0,0,0,0,0,0,0,1,0
0.553850328050004,0.4352162279933589,0.049742377216764874,0.11306912182056486,0,0,0,0,0,0,1
0.4399120860777677,0.256307064565267,0.25287251033656755,0.041132347994729174,1,0,0,0,0,0,0
0.4399120860777677,0.256307064565267,0.5736236900866309,0.2521834458412362,0,1,0,0,0,0,0
0,0,0.5091795749018345,0.48104443407249686,0,0,1,0,0,0,0
0,0,0.25287251033656755,0.041132347994729174,0,0,0,1,0,0,0
0.48104443407249686,0.5091795749018345,0.5057450206731351,0.08226469598945835,0,0,0,0,1,0,0
0.48104443407249686,0.5091795749018345,0,0,0,0,0,0,0,1,0
0.4399120860777677,0.256307064565267,0.25287251033656755,0.041132347994729174,0,0,0,0,0,0,1
0.11295330213807853,0.11072575677713037,0.8543276657520739,0.04709741055148747,1,0,0,0,0,0,0
0.11295330213807853,0.11072575677713037,0.9931349344466274,0.20036480421987435,0,1,0,0,0,0,0
0,0,0.9650534225292042,0.160050712689566,0,0,1,0,0,0,0
0,0,0.8543276657520739,0.04709741055148747,0,0,0,1,0,0,0
0.160050712689566,0.9650534225292042,1.7086553315041477,0.09419482110297495,0,0,0,0,1,0,0
0.160050712689566,0.9650534225292042,0,0,0,0,0,0,0,1,0
0.11295330213807853,0.11072575677713037,0.8543276657520739,0.04709741055148747,0,0,0,0,0,0,1
0.5159914800431172,0.4439643196581428,0.27887446090465645,0.42338712950367874,1,0,0,0,0,0,0
0.5159914800431172,0.4439643196581428,0.33347420030234526,0.7870098659324843,0,1,0,0,0,0,0
0,0,0.7228387805627993,0.939378609546796,0,0,1,0,0,0,0
0,0,0.27887446090465645,0.42338712950367874,0,0,0,1,0,0,0
0.939378609546796,0.7228387805627993,0.5577489218093129,0.8467742590073575,0,0,0,0,1,0,0
0.939378609546796,0.7228387805627993,0,0,0,0,0,0,0,1,0
0.5159914800431172,0.4439643196581428,0.27887446090465645,0.42338712950367874,0,0,0,0,0,0,1
0.5922315543977031,0.5119911257692658,0.19588685015689394,0.2296864316768706,1,0,0,0,0,0,0
0.5922315543977031,0.5119911257692658,0.37309332219746355,0.4137027548971284,0,1,0,0,0,0,0
0,0,0.7078779759261598,0.8219179860745738,0,0,1,0,0,0,0
0,0,0.19588685015689394,0.2296864316768706,0,0,0,1,0,0,0
0.8219179860745738,0.7078779759261598,0.3917737003137879,0.4593728633537412,0,0,0,0,1,0,0
0.8219179860745738,0.7078779759261598,0,0,0,0,0,0,0,1,0
0.5922315543977031,0.5119911257692658,0.19588685015689394,0.2296864316768706,0,0,0,0,0,0,1
0.052470628386066906,0.059176761584845,0.11579521233654608,0.21439716158649647,1,0,0,0,0,0,0
0.052470628386066906,0.059176761584845,0.13333089723051045,0.28574319973793993,0,1,0,0,0,0,0
0,0,0.17497197392139108,0.2668677899725634,0,0,1,0,0,0,0
0,0,0.11579521233654608,0.21439716158649647,0,0,0,1,0,0,0
0.2668677899725634,0.17497197392139108,0.23159042467309215,0.42879432317299293,0,0,0,0,1,0,0
0.2668677899725634,0.17497197392139108,0,0,0,0,0,0,0,1,0
0.052470628386066906,0.059176761584845,0.11579521233654608,0.21439716158649647,0,0,0,0,0,0,1
0.061467558662491206,0.27557511742206775,0.19347866636655628,0.4877108860540166,1,0,0,0,0,0,0
0.061467558662491206,0.27557511742206775,0.33378076417626135,0.8950779419349544,0,1,0,0,0,0,0
0,0,0.46905378378862406,0.5491784447165078,0,0,1,0,0,0,0
0,0,0.19347866636655628,0.4877108860540166,0,0,0,1,0,0,0
0.5491784447165078,0.46905378378862406,0.38695733273311256,0.9754217721080332,0,0,0,0,1,0,0
0.5491784447165078,0.46905378378862406,0,0,0,0,0,0,0,1,0
0.061467558662491206,0.27557511742206775,0.19347866636655628,0.4877108860540166,0,0,0,0,0,0,1
0.008606385677921817,0.27969259147165126,0.10706063199261362,0.332536958014854,1,0,0,0,0,0,0
0.008606385677921817,0.27969259147165126,0.11166795189612423,0.6382774528471318,0,1,0,0,0,0,0
0,0,0.3867532234642649,0.3411433436927758,0,0,1,0,0,0,0
0,0,0.10706063199261362,0.332536958014854,0,0,0,1,0,0,0
0.3411433436927758,0.3867532234642649,0.21412126398522724,0.665073916029708,0,0,0,0,1,0,0
0.3411433436927758,0.3867532234642649,0,0,0,0,0,0,0,1,0
0.008606385677921817,0.27969259147165126,0.10706063199261362,0.332536958014854,0,0,0,0,0,0,1
0.17099367980102603,0.1281438813130043,0.01723105472292858,0.5506602701721487,1,0,0,0,0,0,0
0.17099367980102603,0.1281438813130043,0.25056018796368307,0.7214887956157268,0,1,0,0,0,0,0
0,0,0.14537493603593288,0.7216539499731747,0,0,1,0,0,0,0
0,0,0.01723105472292858,0.5506602701721487,0,0,0,1,0,0,0
0.7216539499731747,0.14537493603593288,0.03446210944585716,1.1013205403442974,0,0,0,0,1,0,0
0.7216539499731747,0.14537493603593288,0,0,0,0,0,0,0,1,0
0.17099367980102603,0.1281438813130043,0.01723105472292858,0.5506602701721487,0,0,0,0,0,0,1
0.045865586901142064,0.005611918364525513,0.011773631515574147,0.03774051893242086,1,0,0,0,0,0,0
0.045865586901142064,0.005611918364525513,0.8633731522739566,0.49907986985903086,0,1,0,0,0,0,0
0,0,0.01738554988009966,0.08360610583356293,0,0,1,0,0,0,0
0,0,0.011773631515574147,0.03774051893242086,0,0,0,1,0,0,0
0.08360610583356293,0.01738554988009966,0.023547263031148295,0.07548103786484173,0,0,0,0,1,0,0
0.08360610583356293,0.01738554988009966,0,0,0,0,0,0,0,1,0
0.045865586901142064,0.005611918364525513,0.011773631515574147,0.03774051893242086,0,0,0,0,0,0,1
0.3865977571406511,0.018240205705330508,0.028886019112526824,0.473070235363023,1,0,0,0,0,0,0
0.3865977571406511,0.018240205705330508,0.11251967429754885,0.6395970694306012,0,1,0,0,0,0,0
0,0,0.04712622481785733,0.8596679925036741,0,0,1,0,0,0,0
0,0,0.028886019112526824,0.473070235363023,0,0,0,1,0,0,0
0.8596679925036741,0.04712622481785733,0.05777203822505365,0.946140470726046,0,0,0,0,1,0,0
0.8596679925036741,0.04712622481785733,0,0,0,0,0,0,0,1,0
0.3865977571406511,0.018240205705330508,0.028886019112526824,0.473070235363023,0,0,0,0,0,0,1
0.1623991274406233,0.11006076884090463,0.09488938559663387,0.47685502905335053,1,0,0,0,0,0,0
0.1623991274406233,0.11006076884090463,0.1153816203833837,0.9388545140320422,0,1,0,0,0,0,0
0,0,0.2049501544375385,0.6392541564939738,0,0,1,0,0,0,0
0,0,0.09488938559663387,0.47685502905335053,0,0,0,1,0,0,0
0.6392541564939738,0.2049501544375385,0.18977877119326775,0.9537100581067011,0,0,0,0,1,0,0
0.6392541564939738,0.2049501544375385,0,0,0,0,0,0,0,1,0
0.1623991274406233,0.11006076884090463,0.09488938559663387,0.47685502905335053,0,0,0,0,0,0,1
0.3968462920709545,0.5573579465854772,0.4363003340427493,0.2663914001598164,1,0,0,0,0,0,0
0.3968462920709545,0.5573579465854772,0.47731009645083466,0.40528488640285587,0,1,0,0,0,0,0
0,0,0.9936582806282266,0.6632376922307709,0,0,1,0,0,0,0
0,0,0.4363003340427493,0.2663914001598164,0,0,0,1,0,0,0
0.6632376922307709,0.9936582806282266,0.8726006680854986,0.5327828003196328,0,0,0,0,1,0,0
0.6632376922307709,0.9936582806282266,0,0,0,0,0,0,0,1,0
0.3968462920709545,0.5573579465854772,0.4363003340427493,0.2663914001598164,0,0,0,0,0,0,1
0.03516780778547967,0.16129399836161545,0.11227670552852813,0.6373188369209889,1,0,0,0,0,0,0
0.03516780778547967,0.16129399836161545,0.1705800803856526,0.6908959499958072,0,1,0,0,0,0,0
0,0,0.2735707038901436,0.6724866447064686,0,0,1,0,0,0,0
0,0,0.11227670552852813,0.6373188369209889,0,0,0,1,0,0,0
0.6724866447064686,0.2735707038901436,0.22455341105705626,1.2746376738419778,0,0,0,0,1,0,0
0.6724866447064686,0.2735707038901436,0,0,0,0,0,0,0,1,0
0.03516780778547967,0.16129399836161545,0.11227670552852813,0.6373188369209889,0,0,0,0,0,0,1
0.20632343050709542,0.1634216188156275,0.16024645696799772,0.5163696397019903,1,0,0,0,0,0,0
0.20632343050709542,0.1634216188156275,0.28712056701274813,0.7169679340113211,0,1,0,0,0,0,0
0,0,0.3236680757836252,0.7226930702090858,0,0,1,0,0,0,0
0,0,0.16024645696799772,0.5163696397019903,0,0,0,1,0,0,0
0.7226930702090858,0.3236680757836252,0.32049291393599544,1.0327392794039807,0,0,0,0,1,0,0
0.7226930702090858,0.3236680757836252,0,0,0,0,0,0,0,1,0
0.20632343050709542,0.1634216188156275,0.16024645696799772,0.5163696397019903,0,0,0,0,0,0,1
0.3626730431417867,0.3098913849142927,0.029842888110533497,0.2813440636306904,1,0,0,0,0,0,0
0.3626730431417867,0.3098913849142927,0.25117310943075827,0.9354643063810301,0,1,0,0,0,0,0
0,0,0.33973427302482617,0.6440171067724771,0,0,1,0,0,0,0
0,0,0.029842888110533497,0.2813440636306904,0,0,0,1,0,0,0
0.6440171067724771,0.33973427302482617,0.059685776221066994,0.5626881272613808,0,0,0,0,1,0,0
0.6440171067724771,0.33973427302482617,0,0,0,0,0,0,0,1,0
0.3626730431417867,0.3098913849142927,0.029842888110533497,0.2813440636306904,0,0,0,0,0,0,1
0.37989500340131255,0.1489963974408488,0.4982643273474616,0.09070622542554586,1,0,0,0,0,0,0
0.37989500340131255,0.1489963974408488,0.5754678119760427,0.15679708864066744,0,1,0,0,0,0,0
0,0,0.6472607247883104,0.4706012288268584,0,0,1,0,0,0,0
0,0,0.4982643273474616,0.09070622542554586,0,0,0,1,0,0,0
0.4706012288268584,0.6472607247883104,0.9965286546949232,0.18141245085109173,0,0,0,0,1,0,0
0.4706012288268584,0.6472607247883104,0,0,0,0,0,0,0,1,0
0.37989500340131255,0.1489963974408488,0.4982643273474616,0.09070622542554586,0,0,0,0,0,0,1
0.21744642395471664,0.1993658864706266,0.20104151606919926,0.01004276499980064,1,0,0,0,0,0,0
0.21744642395471664,0.1993658864706266,0.5139336376555366,0.13434471151968852,0,1,0,0,0,0,0
0,0,0.4004074025398259,0.22748918895451728,0,0,1,0,0,0,0
0,0,0.20104151606919926,0.01004276499980064,0,0,0,1,0,0,0
0.22748918895451728,0.4004074025398259,0.4020830321383985,0.02008552999960128,0,0,0,0,1,0,0
0.22748918895451728,0.4004074025398259,0,0,0,0,0,0,0,1,0
0.21744642395471664,0.1993658864706266,0.20104151606919926,0.01004276499980064,0,0,0,0,0,0,1
0.43139647829059957,0.36910936310845455,0.5262960199486676,0.03002458330708166,1,0,0,0,0,0,0
0.43139647829059957,0.36910936310845455,0.5350877765322216,0.13084900978633784,0,1,0,0,0,0,0
0,0,0.8954053830571221,0.46142106159768126,0,0,1,0,0,0,0
0,0,0.5262960199486676,0.03002458330708166,0,0,0,1,0,0,0
0.46142106159768126,0.8954053830571221,1.0525920398973352,0.06004916661416332,0,0,0,0,1,0,0
0.46142106159768126,0.8954053830571221,0,0,0,0,0,0,0,1,0
0.43139647829059957,0.36910936310845455,0.5262960199486676,0.03002458330708166,0,0,0,0,0,0,1
